Tabela,Data,Kurs Å›redni,Zmiana
251/A/NBP/2023,2023-12-29,4.6828,0.34
250/A/NBP/2023,2023-12-28,4.6671,1.48
249/A/NBP/2023,2023-12-27,4.599,0.04
248/A/NBP/2023,2023-12-22,4.597,-0.04
247/A/NBP/2023,2023-12-21,4.5988,0.22
246/A/NBP/2023,2023-12-20,4.5885,0.39
245/A/NBP/2023,2023-12-19,4.5709,0.21
244/A/NBP/2023,2023-12-18,4.5611,0.52
243/A/NBP/2023,2023-12-15,4.5374,0.1
242/A/NBP/2023,2023-12-14,4.5328,-1.09
241/A/NBP/2023,2023-12-13,4.5827,0.04
240/A/NBP/2023,2023-12-12,4.581,-0.03
239/A/NBP/2023,2023-12-11,4.5824,-0.19
238/A/NBP/2023,2023-12-08,4.5913,-0.25
237/A/NBP/2023,2023-12-07,4.6027,0.1
236/A/NBP/2023,2023-12-06,4.5982,0.64
235/A/NBP/2023,2023-12-05,4.5689,0.02
234/A/NBP/2023,2023-12-04,4.5678,0.02
233/A/NBP/2023,2023-12-01,4.567,0.35
232/A/NBP/2023,2023-11-30,4.551,1.06
231/A/NBP/2023,2023-11-29,4.5031,-0.32
230/A/NBP/2023,2023-11-28,4.5175,0.12
229/A/NBP/2023,2023-11-27,4.512,-0.5
228/A/NBP/2023,2023-11-24,4.5348,0.16
227/A/NBP/2023,2023-11-23,4.5274,-0.35
226/A/NBP/2023,2023-11-22,4.5433,0.72
225/A/NBP/2023,2023-11-21,4.5106,-0.31
224/A/NBP/2023,2023-11-20,4.5248,-0.39
223/A/NBP/2023,2023-11-17,4.5427,-0.06
222/A/NBP/2023,2023-11-16,4.5452,-0.09
221/A/NBP/2023,2023-11-15,4.5495,-0.49
220/A/NBP/2023,2023-11-14,4.572,-0.55
219/A/NBP/2023,2023-11-13,4.5975,0.15
218/A/NBP/2023,2023-11-10,4.5905,-0.42
217/A/NBP/2023,2023-11-09,4.61,-0.52
216/A/NBP/2023,2023-11-08,4.6343,0.13
215/A/NBP/2023,2023-11-07,4.6283,-0.08
214/A/NBP/2023,2023-11-06,4.6322,0.06
213/A/NBP/2023,2023-11-03,4.6293,-0.37
212/A/NBP/2023,2023-11-02,4.6466,0.52
211/A/NBP/2023,2023-10-31,4.6227,-0.69
210/A/NBP/2023,2023-10-30,4.6546,-0.83
209/A/NBP/2023,2023-10-27,4.6935,-0.4
208/A/NBP/2023,2023-10-26,4.7123,-0.24
207/A/NBP/2023,2023-10-25,4.7236,0.56
206/A/NBP/2023,2023-10-24,4.6974,-0.23
205/A/NBP/2023,2023-10-23,4.7083,-0.52
204/A/NBP/2023,2023-10-20,4.7328,0.72
203/A/NBP/2023,2023-10-19,4.6989,0.5
202/A/NBP/2023,2023-10-18,4.6753,0.16
201/A/NBP/2023,2023-10-17,4.6676,-0.87
200/A/NBP/2023,2023-10-16,4.7085,-0.81
199/A/NBP/2023,2023-10-13,4.747,0.15
198/A/NBP/2023,2023-10-12,4.7398,0.47
197/A/NBP/2023,2023-10-11,4.7174,-0.76
196/A/NBP/2023,2023-10-10,4.7537,-0.35
195/A/NBP/2023,2023-10-09,4.7704,-0.13
194/A/NBP/2023,2023-10-06,4.7768,0.18
193/A/NBP/2023,2023-10-05,4.7683,-0.79
192/A/NBP/2023,2023-10-04,4.8065,0.45
191/A/NBP/2023,2023-10-03,4.7848,-0.04
190/A/NBP/2023,2023-10-02,4.7869,-0.34
189/A/NBP/2023,2023-09-29,4.803,0.12
188/A/NBP/2023,2023-09-28,4.7973,0.8
187/A/NBP/2023,2023-09-27,4.759,-0.14
186/A/NBP/2023,2023-09-26,4.7657,0.39
185/A/NBP/2023,2023-09-25,4.747,-0.59
184/A/NBP/2023,2023-09-22,4.7752,-0.12
183/A/NBP/2023,2023-09-21,4.7809,-1.39
182/A/NBP/2023,2023-09-20,4.8483,-0.05
181/A/NBP/2023,2023-09-19,4.8505,-0.03
180/A/NBP/2023,2023-09-18,4.8519,0.08
179/A/NBP/2023,2023-09-15,4.8481,0.46
178/A/NBP/2023,2023-09-14,4.8261,-0.29
177/A/NBP/2023,2023-09-13,4.8403,-1.25
176/A/NBP/2023,2023-09-12,4.9015,1.45
175/A/NBP/2023,2023-09-11,4.8313,0.18
174/A/NBP/2023,2023-09-08,4.8225,0.33
173/A/NBP/2023,2023-09-07,4.8067,2.08
172/A/NBP/2023,2023-09-06,4.7086,0.38
171/A/NBP/2023,2023-09-05,4.691,0.31
170/A/NBP/2023,2023-09-04,4.6767,0.05
169/A/NBP/2023,2023-09-01,4.6742,0.23
168/A/NBP/2023,2023-08-31,4.6636,-0.37
167/A/NBP/2023,2023-08-30,4.6807,0.18
166/A/NBP/2023,2023-08-29,4.6725,-0.21
165/A/NBP/2023,2023-08-28,4.6821,0.12
164/A/NBP/2023,2023-08-25,4.6767,-0.13
163/A/NBP/2023,2023-08-24,4.683,-0.5
162/A/NBP/2023,2023-08-23,4.7067,0.93
161/A/NBP/2023,2023-08-22,4.6632,-0.18
160/A/NBP/2023,2023-08-21,4.6718,-0.38
159/A/NBP/2023,2023-08-18,4.6897,0.36
158/A/NBP/2023,2023-08-17,4.673,0.48
157/A/NBP/2023,2023-08-16,4.6507,0.64
156/A/NBP/2023,2023-08-14,4.6212,0.03
155/A/NBP/2023,2023-08-11,4.6199,-0.44
154/A/NBP/2023,2023-08-10,4.6402,0.01
153/A/NBP/2023,2023-08-09,4.6398,0.36
152/A/NBP/2023,2023-08-08,4.6231,0.35
151/A/NBP/2023,2023-08-07,4.6069,-0.46
150/A/NBP/2023,2023-08-04,4.6282,-0.52
149/A/NBP/2023,2023-08-03,4.6523,0.77
148/A/NBP/2023,2023-08-02,4.6167,0.31
147/A/NBP/2023,2023-08-01,4.6024,0.18
146/A/NBP/2023,2023-07-31,4.5943,-0.88
145/A/NBP/2023,2023-07-28,4.635,-0.07
144/A/NBP/2023,2023-07-27,4.6383,0.14
143/A/NBP/2023,2023-07-26,4.6316,0.31
142/A/NBP/2023,2023-07-25,4.6172,-0.36
141/A/NBP/2023,2023-07-24,4.634,0.4
140/A/NBP/2023,2023-07-21,4.6156,-0.26
139/A/NBP/2023,2023-07-20,4.6276,0.35
138/A/NBP/2023,2023-07-19,4.6113,0.44
137/A/NBP/2023,2023-07-18,4.5913,-0.43
136/A/NBP/2023,2023-07-17,4.6113,-0.17
135/A/NBP/2023,2023-07-14,4.6193,0.36
134/A/NBP/2023,2023-07-13,4.6028,0.17
133/A/NBP/2023,2023-07-12,4.5948,0.37
132/A/NBP/2023,2023-07-11,4.5779,0.2
131/A/NBP/2023,2023-07-10,4.5688,-0.63
130/A/NBP/2023,2023-07-07,4.5978,0.18
129/A/NBP/2023,2023-07-06,4.5894,0.84
128/A/NBP/2023,2023-07-05,4.5511,0.34
127/A/NBP/2023,2023-07-04,4.5359,0.16
126/A/NBP/2023,2023-07-03,4.5288,-0.6
125/A/NBP/2023,2023-06-30,4.5562,0.07
124/A/NBP/2023,2023-06-29,4.5531,0.05
123/A/NBP/2023,2023-06-28,4.5508,0.59
122/A/NBP/2023,2023-06-27,4.5243,-0.41
121/A/NBP/2023,2023-06-26,4.543,0.04
120/A/NBP/2023,2023-06-23,4.5414,0.68
119/A/NBP/2023,2023-06-22,4.5109,-0.48
118/A/NBP/2023,2023-06-21,4.5326,0.17
117/A/NBP/2023,2023-06-20,4.5248,-0.48
116/A/NBP/2023,2023-06-19,4.5464,-0.52
115/A/NBP/2023,2023-06-16,4.57,0.18
114/A/NBP/2023,2023-06-15,4.5618,-0.35
113/A/NBP/2023,2023-06-14,4.5779,-0.05
112/A/NBP/2023,2023-06-13,4.5802,0.39
111/A/NBP/2023,2023-06-12,4.5623,-1.11
110/A/NBP/2023,2023-06-09,4.6136,-0.16
109/A/NBP/2023,2023-06-07,4.6211,-0.19
108/A/NBP/2023,2023-06-06,4.6298,0.56
107/A/NBP/2023,2023-06-05,4.6041,-0.63
106/A/NBP/2023,2023-06-02,4.6332,-0.52
105/A/NBP/2023,2023-06-01,4.6572,-0.3
104/A/NBP/2023,2023-05-31,4.671,0.05
103/A/NBP/2023,2023-05-30,4.6688,-0.15
102/A/NBP/2023,2023-05-29,4.6758,0.27
101/A/NBP/2023,2023-05-26,4.6634,0.58
100/A/NBP/2023,2023-05-25,4.6363,0.6
99/A/NBP/2023,2023-05-24,4.6087,-0.46
98/A/NBP/2023,2023-05-23,4.6298,-0.97
97/A/NBP/2023,2023-05-22,4.6753,0.39
96/A/NBP/2023,2023-05-19,4.6571,0.01
95/A/NBP/2023,2023-05-18,4.6568,1.03
94/A/NBP/2023,2023-05-17,4.6095,-0.18
93/A/NBP/2023,2023-05-16,4.6176,-0.14
92/A/NBP/2023,2023-05-15,4.624,-0.97
91/A/NBP/2023,2023-05-12,4.6693,0.88
90/A/NBP/2023,2023-05-11,4.6284,-0.75
89/A/NBP/2023,2023-05-10,4.6633,-0.01
88/A/NBP/2023,2023-05-09,4.6637,0.14
87/A/NBP/2023,2023-05-08,4.6572,-0.17
86/A/NBP/2023,2023-05-05,4.6652,-0.3
85/A/NBP/2023,2023-05-04,4.6792,0.51
84/A/NBP/2023,2023-05-02,4.6555,-0.14
83/A/NBP/2023,2023-04-28,4.6619,0.15
82/A/NBP/2023,2023-04-27,4.655,-0.33
81/A/NBP/2023,2023-04-26,4.6702,-0.62
80/A/NBP/2023,2023-04-25,4.6993,-0.26
79/A/NBP/2023,2023-04-24,4.7116,0.23
78/A/NBP/2023,2023-04-21,4.701,0.2
77/A/NBP/2023,2023-04-20,4.6914,-0.23
76/A/NBP/2023,2023-04-19,4.7023,-0.02
75/A/NBP/2023,2023-04-18,4.7031,-0.4
74/A/NBP/2023,2023-04-17,4.7222,-0.24
73/A/NBP/2023,2023-04-14,4.7334,-0.06
72/A/NBP/2023,2023-04-13,4.7361,0.13
71/A/NBP/2023,2023-04-12,4.7301,-0.35
70/A/NBP/2023,2023-04-11,4.7467,-0.04
69/A/NBP/2023,2023-04-07,4.7486,-0.18
68/A/NBP/2023,2023-04-06,4.757,0.7
67/A/NBP/2023,2023-04-05,4.724,0.53
66/A/NBP/2023,2023-04-04,4.6989,-0.09
65/A/NBP/2023,2023-04-03,4.7033,0.38
64/A/NBP/2023,2023-03-31,4.6856,-0.26
63/A/NBP/2023,2023-03-30,4.698,-0.07
62/A/NBP/2023,2023-03-29,4.7012,-0.41
61/A/NBP/2023,2023-03-28,4.7205,-0.62
60/A/NBP/2023,2023-03-27,4.75,-0.26
59/A/NBP/2023,2023-03-24,4.7623,1.39
58/A/NBP/2023,2023-03-23,4.697,-0.39
57/A/NBP/2023,2023-03-22,4.7154,-0.03
56/A/NBP/2023,2023-03-21,4.7167,-0.65
55/A/NBP/2023,2023-03-20,4.7477,-0.53
54/A/NBP/2023,2023-03-17,4.7728,0.02
53/A/NBP/2023,2023-03-16,4.7718,-0.46
52/A/NBP/2023,2023-03-15,4.7938,-0.2
51/A/NBP/2023,2023-03-14,4.8035,-0.04
50/A/NBP/2023,2023-03-13,4.8054,1
49/A/NBP/2023,2023-03-10,4.7578,0.55
48/A/NBP/2023,2023-03-09,4.7319,-0.05
47/A/NBP/2023,2023-03-08,4.7342,0.39
46/A/NBP/2023,2023-03-07,4.7156,-0.52
45/A/NBP/2023,2023-03-06,4.7402,0.26
44/A/NBP/2023,2023-03-03,4.728,1.15
43/A/NBP/2023,2023-03-02,4.6743,-0.61
42/A/NBP/2023,2023-03-01,4.7031,-0.83
41/A/NBP/2023,2023-02-28,4.7424,-0.13
40/A/NBP/2023,2023-02-27,4.7487,-0.55
39/A/NBP/2023,2023-02-24,4.7749,-0.7
38/A/NBP/2023,2023-02-23,4.8085,-0.19
37/A/NBP/2023,2023-02-22,4.8176,0.03
36/A/NBP/2023,2023-02-21,4.816,-0.05
35/A/NBP/2023,2023-02-20,4.8185,0.09
34/A/NBP/2023,2023-02-17,4.8144,-0.42
33/A/NBP/2023,2023-02-16,4.8349,0.51
32/A/NBP/2023,2023-02-15,4.8105,-0.85
31/A/NBP/2023,2023-02-14,4.8519,-0.13
30/A/NBP/2023,2023-02-13,4.8582,0.62
29/A/NBP/2023,2023-02-10,4.8283,0.77
28/A/NBP/2023,2023-02-09,4.7912,-0.19
27/A/NBP/2023,2023-02-08,4.8004,0.31
26/A/NBP/2023,2023-02-07,4.7856,0.84
25/A/NBP/2023,2023-02-06,4.7458,0.93
24/A/NBP/2023,2023-02-03,4.7023,-0.26
23/A/NBP/2023,2023-02-02,4.7147,-0.16
22/A/NBP/2023,2023-02-01,4.7222,0.65
21/A/NBP/2023,2023-01-31,4.6918,-0.29
20/A/NBP/2023,2023-01-30,4.7054,0.2
19/A/NBP/2023,2023-01-27,4.6961,-0.38
18/A/NBP/2023,2023-01-26,4.7142,0.58
17/A/NBP/2023,2023-01-25,4.687,-0.31
16/A/NBP/2023,2023-01-24,4.7014,-0.22
15/A/NBP/2023,2023-01-23,4.7118,-0.34
14/A/NBP/2023,2023-01-20,4.7281,-0.33
13/A/NBP/2023,2023-01-19,4.7437,-0.03
12/A/NBP/2023,2023-01-18,4.7449,0.94
11/A/NBP/2023,2023-01-17,4.7005,0.1
10/A/NBP/2023,2023-01-16,4.6959,0.77
9/A/NBP/2023,2023-01-13,4.66,-0.37
8/A/NBP/2023,2023-01-12,4.6773,-1.04
7/A/NBP/2023,2023-01-11,4.7266,-0.54
6/A/NBP/2023,2023-01-10,4.7525,-0.17
5/A/NBP/2023,2023-01-09,4.7606,0.36
4/A/NBP/2023,2023-01-05,4.7437,-0.04
3/A/NBP/2023,2023-01-04,4.7454,0.24
2/A/NBP/2023,2023-01-03,4.7342,-0.08
1/A/NBP/2023,2023-01-02,4.7379,-0.63
252/A/NBP/2022,2022-12-30,4.7679,-0.1
251/A/NBP/2022,2022-12-29,4.7725,0.61
250/A/NBP/2022,2022-12-28,4.7438,0.86
249/A/NBP/2022,2022-12-27,4.7035,0.23
248/A/NBP/2022,2022-12-23,4.6925,-0.91
247/A/NBP/2022,2022-12-22,4.7358,-0.18
246/A/NBP/2022,2022-12-21,4.7443,-0.17
245/A/NBP/2022,2022-12-20,4.7524,0.15
244/A/NBP/2022,2022-12-19,4.7453,-0.23
243/A/NBP/2022,2022-12-16,4.7564,0.17
242/A/NBP/2022,2022-12-15,4.7482,0.09
241/A/NBP/2022,2022-12-14,4.7439,-0.24
240/A/NBP/2022,2022-12-13,4.7551,-0.15
239/A/NBP/2022,2022-12-12,4.7624,0.32
238/A/NBP/2022,2022-12-09,4.7474,-0.05
237/A/NBP/2022,2022-12-08,4.7496,-0.24
236/A/NBP/2022,2022-12-07,4.7608,0.29
235/A/NBP/2022,2022-12-06,4.7472,-0.15
234/A/NBP/2022,2022-12-05,4.7542,-0.07
233/A/NBP/2022,2022-12-02,4.7576,-0.01
232/A/NBP/2022,2022-12-01,4.758,0.34
231/A/NBP/2022,2022-11-30,4.7421,-0.06
230/A/NBP/2022,2022-11-29,4.7449,-0.22
229/A/NBP/2022,2022-11-28,4.7555,-0.36
228/A/NBP/2022,2022-11-25,4.7729,-0.17
227/A/NBP/2022,2022-11-24,4.7808,0
226/A/NBP/2022,2022-11-23,4.7807,-0.35
225/A/NBP/2022,2022-11-22,4.7977,0.07
224/A/NBP/2022,2022-11-21,4.7944,0.56
223/A/NBP/2022,2022-11-18,4.7675,-0.49
222/A/NBP/2022,2022-11-17,4.7909,0.04
221/A/NBP/2022,2022-11-16,4.7888,-0.36
220/A/NBP/2022,2022-11-15,4.8059,0.17
219/A/NBP/2022,2022-11-14,4.7977,0.15
218/A/NBP/2022,2022-11-10,4.7905,0.92
217/A/NBP/2022,2022-11-09,4.7467,0.11
216/A/NBP/2022,2022-11-08,4.7417,0.23
215/A/NBP/2022,2022-11-07,4.731,-0.45
214/A/NBP/2022,2022-11-04,4.7523,-0.36
213/A/NBP/2022,2022-11-03,4.7697,0.09
212/A/NBP/2022,2022-11-02,4.7656,0.59
211/A/NBP/2022,2022-10-31,4.7376,-0.69
210/A/NBP/2022,2022-10-28,4.7705,-0.19
209/A/NBP/2022,2022-10-27,4.7798,-0.84
208/A/NBP/2022,2022-10-26,4.8203,-0.32
207/A/NBP/2022,2022-10-25,4.8359,-0.52
206/A/NBP/2022,2022-10-24,4.8612,0.19
205/A/NBP/2022,2022-10-21,4.852,-0.4
204/A/NBP/2022,2022-10-20,4.8717,-0.37
203/A/NBP/2022,2022-10-19,4.8899,-0.39
202/A/NBP/2022,2022-10-18,4.9091,-0.61
201/A/NBP/2022,2022-10-17,4.9392,-0.27
200/A/NBP/2022,2022-10-14,4.9526,-0.88
199/A/NBP/2022,2022-10-13,4.9964,-0.53
198/A/NBP/2022,2022-10-12,5.0231,0.1
197/A/NBP/2022,2022-10-11,5.0179,-0.38
196/A/NBP/2022,2022-10-10,5.0372,0.61
195/A/NBP/2022,2022-10-07,5.0065,0.38
194/A/NBP/2022,2022-10-06,4.9874,1.17
193/A/NBP/2022,2022-10-05,4.9299,0.17
192/A/NBP/2022,2022-10-04,4.9215,-1.19
191/A/NBP/2022,2022-10-03,4.9806,-1.79
190/A/NBP/2022,2022-09-30,5.0714,-0.95
189/A/NBP/2022,2022-09-29,5.12,0.97
188/A/NBP/2022,2022-09-28,5.071,1.15
187/A/NBP/2022,2022-09-27,5.0135,0.58
186/A/NBP/2022,2022-09-26,4.9846,0.29
185/A/NBP/2022,2022-09-23,4.9701,0.16
184/A/NBP/2022,2022-09-22,4.9621,-0.13
183/A/NBP/2022,2022-09-21,4.9687,1.88
182/A/NBP/2022,2022-09-20,4.8772,-0.19
181/A/NBP/2022,2022-09-19,4.8864,-0.55
180/A/NBP/2022,2022-09-16,4.9134,-0.01
179/A/NBP/2022,2022-09-15,4.9137,-0.08
178/A/NBP/2022,2022-09-14,4.9174,0.87
177/A/NBP/2022,2022-09-13,4.8752,0.67
176/A/NBP/2022,2022-09-12,4.8428,-0.54
175/A/NBP/2022,2022-09-09,4.8693,0.53
174/A/NBP/2022,2022-09-08,4.8438,0.05
173/A/NBP/2022,2022-09-07,4.8413,0.21
172/A/NBP/2022,2022-09-06,4.8311,-0.36
171/A/NBP/2022,2022-09-05,4.8487,0.52
170/A/NBP/2022,2022-09-02,4.8237,0.26
169/A/NBP/2022,2022-09-01,4.8112,-0.73
168/A/NBP/2022,2022-08-31,4.8467,-0.44
167/A/NBP/2022,2022-08-30,4.8679,-1.34
166/A/NBP/2022,2022-08-29,4.9342,0.3
165/A/NBP/2022,2022-08-26,4.9196,-0.44
164/A/NBP/2022,2022-08-25,4.9415,-1
163/A/NBP/2022,2022-08-24,4.9916,0.44
162/A/NBP/2022,2022-08-23,4.9696,0.51
161/A/NBP/2022,2022-08-22,4.9444,0.58
160/A/NBP/2022,2022-08-19,4.9159,0.87
159/A/NBP/2022,2022-08-18,4.8733,0.48
158/A/NBP/2022,2022-08-17,4.85,-0.58
157/A/NBP/2022,2022-08-16,4.8784,0.96
156/A/NBP/2022,2022-08-12,4.8318,0.38
155/A/NBP/2022,2022-08-11,4.8134,-0.66
154/A/NBP/2022,2022-08-10,4.8454,0.45
153/A/NBP/2022,2022-08-09,4.8239,0.21
152/A/NBP/2022,2022-08-08,4.8137,-0.03
151/A/NBP/2022,2022-08-05,4.8153,-0.15
150/A/NBP/2022,2022-08-04,4.8226,0.21
149/A/NBP/2022,2022-08-03,4.8127,-0.4
148/A/NBP/2022,2022-08-02,4.8322,-0.84
147/A/NBP/2022,2022-08-01,4.873,0.1
146/A/NBP/2022,2022-07-29,4.8682,-0.73
145/A/NBP/2022,2022-07-28,4.904,0
144/A/NBP/2022,2022-07-27,4.9039,2.29
143/A/NBP/2022,2022-07-26,4.7943,0.05
142/A/NBP/2022,2022-07-25,4.7917,-1.16
141/A/NBP/2022,2022-07-22,4.8479,0.98
140/A/NBP/2022,2022-07-21,4.8008,0.05
139/A/NBP/2022,2022-07-20,4.7982,-0.11
138/A/NBP/2022,2022-07-19,4.8036,-0.73
137/A/NBP/2022,2022-07-18,4.8387,-1.11
136/A/NBP/2022,2022-07-15,4.893,-0.21
135/A/NBP/2022,2022-07-14,4.9035,-0.47
134/A/NBP/2022,2022-07-13,4.9269,0.49
133/A/NBP/2022,2022-07-12,4.9031,1.28
132/A/NBP/2022,2022-07-11,4.8409,-0.25
131/A/NBP/2022,2022-07-08,4.8528,0.23
130/A/NBP/2022,2022-07-07,4.8418,0.27
129/A/NBP/2022,2022-07-06,4.8287,1.36
128/A/NBP/2022,2022-07-05,4.7641,1.56
127/A/NBP/2022,2022-07-04,4.6911,-0.35
126/A/NBP/2022,2022-07-01,4.7075,0.36
125/A/NBP/2022,2022-06-30,4.6904,0.63
124/A/NBP/2022,2022-06-29,4.6611,0.21
123/A/NBP/2022,2022-06-28,4.6513,0.43
122/A/NBP/2022,2022-06-27,4.6314,-0.48
121/A/NBP/2022,2022-06-24,4.6538,0.35
120/A/NBP/2022,2022-06-23,4.6375,1.22
119/A/NBP/2022,2022-06-22,4.5818,0.67
118/A/NBP/2022,2022-06-21,4.5511,-1.05
117/A/NBP/2022,2022-06-20,4.5993,-0.5
116/A/NBP/2022,2022-06-17,4.6223,3.7
115/A/NBP/2022,2022-06-15,4.4574,-0.87
114/A/NBP/2022,2022-06-14,4.4967,0.84
113/A/NBP/2022,2022-06-13,4.4594,0.68
112/A/NBP/2022,2022-06-10,4.4292,1.36
111/A/NBP/2022,2022-06-09,4.3696,-0.31
110/A/NBP/2022,2022-06-08,4.3834,-0.38
109/A/NBP/2022,2022-06-07,4.4,-0.93
108/A/NBP/2022,2022-06-06,4.4412,-0.3
107/A/NBP/2022,2022-06-03,4.4547,-0.32
106/A/NBP/2022,2022-06-02,4.4689,0.35
105/A/NBP/2022,2022-06-01,4.4531,0.32
104/A/NBP/2022,2022-05-31,4.4387,-0.35
103/A/NBP/2022,2022-05-30,4.4544,-0.6
102/A/NBP/2022,2022-05-27,4.4814,-0.42
101/A/NBP/2022,2022-05-26,4.5003,0.62
100/A/NBP/2022,2022-05-25,4.4727,0.01
99/A/NBP/2022,2022-05-24,4.4723,-0.07
98/A/NBP/2022,2022-05-23,4.4755,-0.68
97/A/NBP/2022,2022-05-20,4.5061,-0.53
96/A/NBP/2022,2022-05-19,4.5303,2.05
95/A/NBP/2022,2022-05-18,4.4395,-0.33
94/A/NBP/2022,2022-05-17,4.4542,-0.09
93/A/NBP/2022,2022-05-16,4.4582,-0.58
92/A/NBP/2022,2022-05-13,4.4843,-0.39
91/A/NBP/2022,2022-05-12,4.502,0.72
90/A/NBP/2022,2022-05-11,4.47,0.39
89/A/NBP/2022,2022-05-10,4.4528,-1.21
88/A/NBP/2022,2022-05-09,4.5074,-0.27
87/A/NBP/2022,2022-05-06,4.5196,0.45
86/A/NBP/2022,2022-05-05,4.4995,-0.75
85/A/NBP/2022,2022-05-04,4.5333,-0.93
84/A/NBP/2022,2022-05-02,4.576,0.56
83/A/NBP/2022,2022-04-29,4.5504,-0.91
82/A/NBP/2022,2022-04-28,4.5921,-0.26
81/A/NBP/2022,2022-04-27,4.6042,1.65
80/A/NBP/2022,2022-04-26,4.5294,0.55
79/A/NBP/2022,2022-04-25,4.5047,0.26
78/A/NBP/2022,2022-04-22,4.493,0.04
77/A/NBP/2022,2022-04-21,4.4913,-0.3
76/A/NBP/2022,2022-04-20,4.5049,-0.62
75/A/NBP/2022,2022-04-19,4.533,-0.36
74/A/NBP/2022,2022-04-15,4.5493,-0.1
73/A/NBP/2022,2022-04-14,4.5539,-1.04
72/A/NBP/2022,2022-04-13,4.6016,0.02
71/A/NBP/2022,2022-04-12,4.6005,0.95
70/A/NBP/2022,2022-04-11,4.5574,-0.19
69/A/NBP/2022,2022-04-08,4.5663,-0.28
68/A/NBP/2022,2022-04-07,4.5793,0.22
67/A/NBP/2022,2022-04-06,4.5691,0.22
66/A/NBP/2022,2022-04-05,4.559,0.44
65/A/NBP/2022,2022-04-04,4.539,-0.09
64/A/NBP/2022,2022-04-01,4.5431,0.5
63/A/NBP/2022,2022-03-31,4.5207,0.36
62/A/NBP/2022,2022-03-30,4.5045,-1.67
61/A/NBP/2022,2022-03-29,4.5809,0.25
60/A/NBP/2022,2022-03-28,4.5697,-1.79
59/A/NBP/2022,2022-03-25,4.6528,0.25
58/A/NBP/2022,2022-03-24,4.6412,1.51
57/A/NBP/2022,2022-03-23,4.5722,0.17
56/A/NBP/2022,2022-03-22,4.5644,0.07
55/A/NBP/2022,2022-03-21,4.5614,-0.19
54/A/NBP/2022,2022-03-18,4.5701,1.27
53/A/NBP/2022,2022-03-17,4.5127,-0.93
52/A/NBP/2022,2022-03-16,4.555,-0.53
51/A/NBP/2022,2022-03-15,4.5793,-1.12
50/A/NBP/2022,2022-03-14,4.631,-1.24
49/A/NBP/2022,2022-03-11,4.689,-0.06
48/A/NBP/2022,2022-03-10,4.6917,-1.39
47/A/NBP/2022,2022-03-09,4.758,-2.06
46/A/NBP/2022,2022-03-08,4.8579,-1.77
45/A/NBP/2022,2022-03-07,4.9452,3.48
44/A/NBP/2022,2022-03-04,4.7787,1.61
43/A/NBP/2022,2022-03-03,4.7028,-0.39
42/A/NBP/2022,2022-03-02,4.7212,2.55
41/A/NBP/2022,2022-03-01,4.6037,1.22
40/A/NBP/2022,2022-02-28,4.5483,1.07
39/A/NBP/2022,2022-02-25,4.5001,0.43
38/A/NBP/2022,2022-02-24,4.4808,3.24
37/A/NBP/2022,2022-02-23,4.3401,-0.63
36/A/NBP/2022,2022-02-22,4.3676,0.8
35/A/NBP/2022,2022-02-21,4.3328,0.22
34/A/NBP/2022,2022-02-18,4.3233,0.38
33/A/NBP/2022,2022-02-17,4.307,0.85
32/A/NBP/2022,2022-02-16,4.2706,-0.58
31/A/NBP/2022,2022-02-15,4.2954,-1.82
30/A/NBP/2022,2022-02-14,4.375,2.33
29/A/NBP/2022,2022-02-11,4.2754,0.68
28/A/NBP/2022,2022-02-10,4.2465,-0.78
27/A/NBP/2022,2022-02-09,4.2798,-0.41
26/A/NBP/2022,2022-02-08,4.2973,-0.32
25/A/NBP/2022,2022-02-07,4.3112,0.15
24/A/NBP/2022,2022-02-04,4.3046,-1.4
23/A/NBP/2022,2022-02-03,4.3656,-0.31
22/A/NBP/2022,2022-02-02,4.379,-0.67
21/A/NBP/2022,2022-02-01,4.4087,-0.16
20/A/NBP/2022,2022-01-31,4.4156,0.16
19/A/NBP/2022,2022-01-28,4.4086,0.13
18/A/NBP/2022,2022-01-27,4.4029,-0.41
17/A/NBP/2022,2022-01-26,4.4211,0.11
16/A/NBP/2022,2022-01-25,4.4161,0.52
15/A/NBP/2022,2022-01-24,4.3932,0.33
14/A/NBP/2022,2022-01-21,4.3786,0.63
13/A/NBP/2022,2022-01-20,4.3511,-0.19
12/A/NBP/2022,2022-01-19,4.3594,0.36
11/A/NBP/2022,2022-01-18,4.3436,0.29
10/A/NBP/2022,2022-01-17,4.331,-0.36
9/A/NBP/2022,2022-01-14,4.3466,0.51
8/A/NBP/2022,2022-01-13,4.3244,0.12
7/A/NBP/2022,2022-01-12,4.3192,-0.25
6/A/NBP/2022,2022-01-11,4.33,-0.46
5/A/NBP/2022,2022-01-10,4.35,-0.5
4/A/NBP/2022,2022-01-07,4.372,-0.88
3/A/NBP/2022,2022-01-05,4.4106,0.04
2/A/NBP/2022,2022-01-04,4.409,-0.53
1/A/NBP/2022,2022-01-03,4.4326,-0.36
254/A/NBP/2021,2021-12-31,4.4484,0.5
253/A/NBP/2021,2021-12-30,4.4262,-0.23
252/A/NBP/2021,2021-12-29,4.4362,0.08
251/A/NBP/2021,2021-12-28,4.4328,-0.3
250/A/NBP/2021,2021-12-27,4.4463,0.01
249/A/NBP/2021,2021-12-24,4.4458,-0.09
248/A/NBP/2021,2021-12-23,4.4497,0.37
247/A/NBP/2021,2021-12-22,4.4335,-0.29
246/A/NBP/2021,2021-12-21,4.4462,-0.23
245/A/NBP/2021,2021-12-20,4.4565,0.08
244/A/NBP/2021,2021-12-17,4.4531,0.51
243/A/NBP/2021,2021-12-16,4.4306,-0.13
242/A/NBP/2021,2021-12-15,4.4362,-0.6
241/A/NBP/2021,2021-12-14,4.4631,0.67
240/A/NBP/2021,2021-12-13,4.4335,0.17
239/A/NBP/2021,2021-12-10,4.4259,-0.1
238/A/NBP/2021,2021-12-09,4.4305,0.58
237/A/NBP/2021,2021-12-08,4.4049,-0.27
236/A/NBP/2021,2021-12-07,4.4169,0.32
235/A/NBP/2021,2021-12-06,4.4029,-0.31
234/A/NBP/2021,2021-12-03,4.4165,0.08
233/A/NBP/2021,2021-12-02,4.4131,-1.17
232/A/NBP/2021,2021-12-01,4.4652,-0.53
231/A/NBP/2021,2021-11-30,4.4888,-0.28
230/A/NBP/2021,2021-11-29,4.5013,-0.13
229/A/NBP/2021,2021-11-26,4.5071,1.15
228/A/NBP/2021,2021-11-25,4.456,-0.18
227/A/NBP/2021,2021-11-24,4.4639,-0.69
226/A/NBP/2021,2021-11-23,4.4948,-0.31
225/A/NBP/2021,2021-11-22,4.5089,0.69
224/A/NBP/2021,2021-11-19,4.4782,0.98
223/A/NBP/2021,2021-11-18,4.4346,0.26
222/A/NBP/2021,2021-11-17,4.4232,-0.12
221/A/NBP/2021,2021-11-16,4.4285,0.63
220/A/NBP/2021,2021-11-15,4.4008,0.05
219/A/NBP/2021,2021-11-12,4.3984,0.98
218/A/NBP/2021,2021-11-10,4.3555,0.35
217/A/NBP/2021,2021-11-09,4.3401,-0.1
216/A/NBP/2021,2021-11-08,4.3445,-0.4
215/A/NBP/2021,2021-11-05,4.362,0.01
214/A/NBP/2021,2021-11-04,4.3616,0.14
213/A/NBP/2021,2021-11-03,4.3554,-0.14
212/A/NBP/2021,2021-11-02,4.3615,0.27
211/A/NBP/2021,2021-10-29,4.3496,0.05
210/A/NBP/2021,2021-10-28,4.3473,0.26
209/A/NBP/2021,2021-10-27,4.3362,0.54
208/A/NBP/2021,2021-10-26,4.313,0.18
207/A/NBP/2021,2021-10-25,4.3054,-0.24
206/A/NBP/2021,2021-10-22,4.3157,0.6
205/A/NBP/2021,2021-10-21,4.2899,0.61
204/A/NBP/2021,2021-10-20,4.2637,-0.02
203/A/NBP/2021,2021-10-19,4.2644,0.08
202/A/NBP/2021,2021-10-18,4.2611,-0.19
201/A/NBP/2021,2021-10-15,4.2691,-0.29
200/A/NBP/2021,2021-10-14,4.2814,0.3
199/A/NBP/2021,2021-10-13,4.2684,-0.14
198/A/NBP/2021,2021-10-12,4.2745,-0.64
197/A/NBP/2021,2021-10-11,4.302,0.62
196/A/NBP/2021,2021-10-08,4.2756,0.77
195/A/NBP/2021,2021-10-07,4.2428,-1.33
194/A/NBP/2021,2021-10-06,4.3002,0.39
193/A/NBP/2021,2021-10-05,4.2836,1.1
192/A/NBP/2021,2021-10-04,4.2371,-0.49
191/A/NBP/2021,2021-10-01,4.2579,-0.34
190/A/NBP/2021,2021-09-30,4.2725,0.07
189/A/NBP/2021,2021-09-29,4.2694,0.17
188/A/NBP/2021,2021-09-28,4.2622,0.74
187/A/NBP/2021,2021-09-27,4.2307,-0.44
186/A/NBP/2021,2021-09-24,4.2494,0
185/A/NBP/2021,2021-09-23,4.2494,-0.69
184/A/NBP/2021,2021-09-22,4.2789,0.71
183/A/NBP/2021,2021-09-21,4.2489,0.75
182/A/NBP/2021,2021-09-20,4.2172,0.58
181/A/NBP/2021,2021-09-17,4.1929,-0.3
180/A/NBP/2021,2021-09-16,4.2054,0.32
179/A/NBP/2021,2021-09-15,4.192,0.27
178/A/NBP/2021,2021-09-14,4.1807,0.06
177/A/NBP/2021,2021-09-13,4.1782,-0.41
176/A/NBP/2021,2021-09-10,4.1956,0.7
175/A/NBP/2021,2021-09-09,4.1663,0.29
174/A/NBP/2021,2021-09-08,4.1542,-0.17
173/A/NBP/2021,2021-09-07,4.1613,0.16
172/A/NBP/2021,2021-09-06,4.1546,-0.05
171/A/NBP/2021,2021-09-03,4.1568,0.03
170/A/NBP/2021,2021-09-02,4.1554,-0.32
169/A/NBP/2021,2021-09-01,4.1688,-0.71
168/A/NBP/2021,2021-08-31,4.1984,-0.72
167/A/NBP/2021,2021-08-30,4.2289,-0.36
166/A/NBP/2021,2021-08-27,4.2442,0.05
165/A/NBP/2021,2021-08-26,4.2422,-0.35
164/A/NBP/2021,2021-08-25,4.2573,-0.56
163/A/NBP/2021,2021-08-24,4.2811,0.07
162/A/NBP/2021,2021-08-23,4.2781,-0.08
161/A/NBP/2021,2021-08-20,4.2816,0
160/A/NBP/2021,2021-08-19,4.2818,0.62
159/A/NBP/2021,2021-08-18,4.2553,-0.12
158/A/NBP/2021,2021-08-17,4.2602,0.42
157/A/NBP/2021,2021-08-16,4.2425,0.52
156/A/NBP/2021,2021-08-13,4.2204,-0.47
155/A/NBP/2021,2021-08-12,4.2404,0.04
154/A/NBP/2021,2021-08-11,4.2385,0.27
153/A/NBP/2021,2021-08-10,4.2272,-0.35
152/A/NBP/2021,2021-08-09,4.2421,0
151/A/NBP/2021,2021-08-06,4.2422,-0.08
150/A/NBP/2021,2021-08-05,4.2454,0.22
149/A/NBP/2021,2021-08-04,4.2361,-0.01
148/A/NBP/2021,2021-08-03,4.2366,-0.04
147/A/NBP/2021,2021-08-02,4.2383,-0.14
146/A/NBP/2021,2021-07-30,4.2444,-0.19
145/A/NBP/2021,2021-07-29,4.2526,-0.02
144/A/NBP/2021,2021-07-28,4.2533,-0.02
143/A/NBP/2021,2021-07-27,4.254,0.38
142/A/NBP/2021,2021-07-26,4.2381,0.41
141/A/NBP/2021,2021-07-23,4.2208,-0.17
140/A/NBP/2021,2021-07-22,4.2279,-0.24
139/A/NBP/2021,2021-07-21,4.2379,-0.23
138/A/NBP/2021,2021-07-20,4.2477,0.43
137/A/NBP/2021,2021-07-19,4.2297,0.18
136/A/NBP/2021,2021-07-16,4.2219,-0.31
135/A/NBP/2021,2021-07-15,4.2349,-0.08
134/A/NBP/2021,2021-07-14,4.2384,0.71
133/A/NBP/2021,2021-07-13,4.2087,0.29
132/A/NBP/2021,2021-07-12,4.1965,0
131/A/NBP/2021,2021-07-09,4.1965,0.26
130/A/NBP/2021,2021-07-08,4.1858,1.1
129/A/NBP/2021,2021-07-07,4.1402,0.56
128/A/NBP/2021,2021-07-06,4.1172,-0.08
127/A/NBP/2021,2021-07-05,4.1207,-0.27
126/A/NBP/2021,2021-07-02,4.1317,0.36
125/A/NBP/2021,2021-07-01,4.1167,-0.11
124/A/NBP/2021,2021-06-30,4.1212,0.12
123/A/NBP/2021,2021-06-29,4.1161,0.05
122/A/NBP/2021,2021-06-28,4.1139,-0.09
121/A/NBP/2021,2021-06-25,4.1175,-0.29
120/A/NBP/2021,2021-06-24,4.1296,0.16
119/A/NBP/2021,2021-06-23,4.1231,-0.53
118/A/NBP/2021,2021-06-22,4.1451,-0.08
117/A/NBP/2021,2021-06-21,4.1486,-0.23
116/A/NBP/2021,2021-06-18,4.158,0.18
115/A/NBP/2021,2021-06-17,4.1505,-0.15
114/A/NBP/2021,2021-06-16,4.1567,-0.08
113/A/NBP/2021,2021-06-15,4.1601,0.58
112/A/NBP/2021,2021-06-14,4.136,0.77
111/A/NBP/2021,2021-06-11,4.1043,-0.1
110/A/NBP/2021,2021-06-10,4.1084,0.76
109/A/NBP/2021,2021-06-09,4.0775,-0.31
108/A/NBP/2021,2021-06-08,4.0901,0.36
107/A/NBP/2021,2021-06-07,4.0756,-0.2
106/A/NBP/2021,2021-06-04,4.0838,0.32
105/A/NBP/2021,2021-06-02,4.0707,0
104/A/NBP/2021,2021-06-01,4.0709,-0.26
103/A/NBP/2021,2021-05-31,4.0815,-0.31
102/A/NBP/2021,2021-05-28,4.0941,-0.36
101/A/NBP/2021,2021-05-27,4.1087,0.23
100/A/NBP/2021,2021-05-26,4.0993,0.22
99/A/NBP/2021,2021-05-25,4.0902,-0.08
98/A/NBP/2021,2021-05-24,4.0935,-0.16
97/A/NBP/2021,2021-05-21,4.0999,-0.28
96/A/NBP/2021,2021-05-20,4.1113,-0.19
95/A/NBP/2021,2021-05-19,4.1193,-0.26
94/A/NBP/2021,2021-05-18,4.1301,-0.11
93/A/NBP/2021,2021-05-17,4.1347,-0.16
92/A/NBP/2021,2021-05-14,4.1413,-0.14
91/A/NBP/2021,2021-05-13,4.1472,0.14
90/A/NBP/2021,2021-05-12,4.1413,-0.43
89/A/NBP/2021,2021-05-11,4.1592,-0.14
88/A/NBP/2021,2021-05-10,4.1651,-0.17
87/A/NBP/2021,2021-05-07,4.1723,-0.21
86/A/NBP/2021,2021-05-06,4.1809,0.37
85/A/NBP/2021,2021-05-05,4.1655,0.49
84/A/NBP/2021,2021-05-04,4.145,-0.13
83/A/NBP/2021,2021-04-30,4.1502,-0.02
82/A/NBP/2021,2021-04-29,4.1509,0.23
81/A/NBP/2021,2021-04-28,4.1415,0.38
80/A/NBP/2021,2021-04-27,4.1258,0.17
79/A/NBP/2021,2021-04-26,4.1189,-0.4
78/A/NBP/2021,2021-04-23,4.1354,0
77/A/NBP/2021,2021-04-22,4.1354,0.07
76/A/NBP/2021,2021-04-21,4.1325,0.16
75/A/NBP/2021,2021-04-20,4.1257,-0.22
74/A/NBP/2021,2021-04-19,4.1348,0.17
73/A/NBP/2021,2021-04-16,4.1279,0.2
72/A/NBP/2021,2021-04-15,4.1198,-0.52
71/A/NBP/2021,2021-04-14,4.1413,-0.14
70/A/NBP/2021,2021-04-13,4.1473,0.61
69/A/NBP/2021,2021-04-12,4.1222,-0.1
68/A/NBP/2021,2021-04-09,4.1265,-0.21
67/A/NBP/2021,2021-04-08,4.1353,-0.47
66/A/NBP/2021,2021-04-07,4.1547,-0.01
65/A/NBP/2021,2021-04-06,4.1553,0.3
64/A/NBP/2021,2021-04-02,4.1428,-0.52
63/A/NBP/2021,2021-04-01,4.1644,-1.13
62/A/NBP/2021,2021-03-31,4.2119,0.19
61/A/NBP/2021,2021-03-30,4.204,-0.29
60/A/NBP/2021,2021-03-29,4.2164,0.84
59/A/NBP/2021,2021-03-26,4.1814,-0.31
58/A/NBP/2021,2021-03-25,4.1943,0.28
57/A/NBP/2021,2021-03-24,4.1825,0.29
56/A/NBP/2021,2021-03-23,4.1704,-0.3
55/A/NBP/2021,2021-03-22,4.1828,0.02
54/A/NBP/2021,2021-03-19,4.182,-0.04
53/A/NBP/2021,2021-03-18,4.1837,0.2
52/A/NBP/2021,2021-03-17,4.1754,0.56
51/A/NBP/2021,2021-03-16,4.1521,0.4
50/A/NBP/2021,2021-03-15,4.1355,-0.04
49/A/NBP/2021,2021-03-12,4.1373,-0.03
48/A/NBP/2021,2021-03-11,4.1387,0.13
47/A/NBP/2021,2021-03-10,4.1334,0.16
46/A/NBP/2021,2021-03-09,4.1266,-0.36
45/A/NBP/2021,2021-03-08,4.1416,0.25
44/A/NBP/2021,2021-03-05,4.1313,0.76
43/A/NBP/2021,2021-03-04,4.1003,0.05
42/A/NBP/2021,2021-03-03,4.0981,-0.34
41/A/NBP/2021,2021-03-02,4.112,-0.22
40/A/NBP/2021,2021-03-01,4.1211,0.01
39/A/NBP/2021,2021-02-26,4.1205,1.07
38/A/NBP/2021,2021-02-25,4.077,-0.46
37/A/NBP/2021,2021-02-24,4.0959,-0.72
36/A/NBP/2021,2021-02-23,4.1258,-0.07
35/A/NBP/2021,2021-02-22,4.1288,-0.22
34/A/NBP/2021,2021-02-19,4.1377,-0.14
33/A/NBP/2021,2021-02-18,4.1436,-0.55
32/A/NBP/2021,2021-02-17,4.1667,0.24
31/A/NBP/2021,2021-02-16,4.1568,0.2
30/A/NBP/2021,2021-02-15,4.1486,-0.46
29/A/NBP/2021,2021-02-12,4.1676,-0.05
28/A/NBP/2021,2021-02-11,4.1698,0.55
27/A/NBP/2021,2021-02-10,4.1469,0.22
26/A/NBP/2021,2021-02-09,4.1378,-0.04
25/A/NBP/2021,2021-02-08,4.1396,-0.47
24/A/NBP/2021,2021-02-05,4.159,0.04
23/A/NBP/2021,2021-02-04,4.1572,0.04
22/A/NBP/2021,2021-02-03,4.1555,-0.19
21/A/NBP/2021,2021-02-02,4.1634,-0.18
20/A/NBP/2021,2021-02-01,4.171,-0.96
19/A/NBP/2021,2021-01-29,4.2115,-0.24
18/A/NBP/2021,2021-01-28,4.2218,0.01
17/A/NBP/2021,2021-01-27,4.2215,0.08
16/A/NBP/2021,2021-01-26,4.2183,0.05
15/A/NBP/2021,2021-01-25,4.216,0.14
14/A/NBP/2021,2021-01-22,4.2102,0.12
13/A/NBP/2021,2021-01-21,4.2053,0.19
12/A/NBP/2021,2021-01-20,4.1974,-0.37
11/A/NBP/2021,2021-01-19,4.213,-0.38
10/A/NBP/2021,2021-01-18,4.2291,0.17
9/A/NBP/2021,2021-01-15,4.2219,0.37
8/A/NBP/2021,2021-01-14,4.2065,0.5
7/A/NBP/2021,2021-01-13,4.1855,0.16
6/A/NBP/2021,2021-01-12,4.1787,-0.26
5/A/NBP/2021,2021-01-11,4.1896,0.53
4/A/NBP/2021,2021-01-08,4.1674,0.41
3/A/NBP/2021,2021-01-07,4.1505,-1.36
2/A/NBP/2021,2021-01-05,4.2078,0.05
1/A/NBP/2021,2021-01-04,4.2055,-1.37
255/A/NBP/2020,2020-12-31,4.2641,2.24
254/A/NBP/2020,2020-12-30,4.1708,0.43
253/A/NBP/2020,2020-12-29,4.1531,0.75
252/A/NBP/2020,2020-12-28,4.1223,-0.92
251/A/NBP/2020,2020-12-24,4.1604,0.21
250/A/NBP/2020,2020-12-23,4.1517,-0.26
249/A/NBP/2020,2020-12-22,4.1625,-0.25
248/A/NBP/2020,2020-12-21,4.1729,1.67
247/A/NBP/2020,2020-12-18,4.1043,-0.1
246/A/NBP/2020,2020-12-17,4.1084,-0.15
245/A/NBP/2020,2020-12-16,4.1144,-0.27
244/A/NBP/2020,2020-12-15,4.1254,-0.05
243/A/NBP/2020,2020-12-14,4.1273,-0.03
242/A/NBP/2020,2020-12-11,4.1286,0.36
241/A/NBP/2020,2020-12-10,4.1139,-0.32
240/A/NBP/2020,2020-12-09,4.1273,-0.55
239/A/NBP/2020,2020-12-08,4.1503,0.21
238/A/NBP/2020,2020-12-07,4.1417,0.43
237/A/NBP/2020,2020-12-04,4.1241,-0.29
236/A/NBP/2020,2020-12-03,4.1362,0.61
235/A/NBP/2020,2020-12-02,4.1112,-0.28
234/A/NBP/2020,2020-12-01,4.1226,-0.33
233/A/NBP/2020,2020-11-30,4.1364,-0.27
232/A/NBP/2020,2020-11-27,4.1477,0.3
231/A/NBP/2020,2020-11-26,4.1353,0.44
230/A/NBP/2020,2020-11-25,4.1171,-0.31
229/A/NBP/2020,2020-11-24,4.1297,-0.02
228/A/NBP/2020,2020-11-23,4.1307,-0.12
227/A/NBP/2020,2020-11-20,4.1356,-0.22
226/A/NBP/2020,2020-11-19,4.1448,0.22
225/A/NBP/2020,2020-11-18,4.1356,-0.57
224/A/NBP/2020,2020-11-17,4.1594,0.32
223/A/NBP/2020,2020-11-16,4.1463,-0.34
222/A/NBP/2020,2020-11-13,4.1605,0.08
221/A/NBP/2020,2020-11-12,4.1573,-0.23
220/A/NBP/2020,2020-11-10,4.1669,-0.73
219/A/NBP/2020,2020-11-09,4.1976,-0.93
218/A/NBP/2020,2020-11-06,4.2368,0.28
217/A/NBP/2020,2020-11-05,4.2248,-0.81
216/A/NBP/2020,2020-11-04,4.2595,-0.19
215/A/NBP/2020,2020-11-03,4.2675,-1.04
214/A/NBP/2020,2020-11-02,4.3124,-0.17
213/A/NBP/2020,2020-10-30,4.3197,-0.3
212/A/NBP/2020,2020-10-29,4.3329,0.5
211/A/NBP/2020,2020-10-28,4.3113,0.87
210/A/NBP/2020,2020-10-27,4.2742,0.02
209/A/NBP/2020,2020-10-26,4.2734,0
208/A/NBP/2020,2020-10-23,4.2732,0.04
207/A/NBP/2020,2020-10-22,4.2714,-0.21
206/A/NBP/2020,2020-10-21,4.2802,-0.02
205/A/NBP/2020,2020-10-20,4.281,0.85
204/A/NBP/2020,2020-10-19,4.2448,-0.29
203/A/NBP/2020,2020-10-16,4.2571,0.17
202/A/NBP/2020,2020-10-15,4.25,1.47
201/A/NBP/2020,2020-10-14,4.1883,0.53
200/A/NBP/2020,2020-10-13,4.1664,0.06
199/A/NBP/2020,2020-10-12,4.164,0.25
198/A/NBP/2020,2020-10-09,4.1536,-0.16
197/A/NBP/2020,2020-10-08,4.1603,0.12
196/A/NBP/2020,2020-10-07,4.1555,-0.42
195/A/NBP/2020,2020-10-06,4.1729,-0.02
194/A/NBP/2020,2020-10-05,4.1737,0.21
193/A/NBP/2020,2020-10-02,4.1648,-0.56
192/A/NBP/2020,2020-10-01,4.1884,0.01
191/A/NBP/2020,2020-09-30,4.1878,-1.46
190/A/NBP/2020,2020-09-29,4.25,0.81
189/A/NBP/2020,2020-09-28,4.216,0.15
188/A/NBP/2020,2020-09-25,4.2095,0.23
187/A/NBP/2020,2020-09-24,4.1998,0.62
186/A/NBP/2020,2020-09-23,4.174,-0.39
185/A/NBP/2020,2020-09-22,4.1902,0.82
184/A/NBP/2020,2020-09-21,4.156,0.44
183/A/NBP/2020,2020-09-18,4.1378,-0.08
182/A/NBP/2020,2020-09-17,4.141,0.09
181/A/NBP/2020,2020-09-16,4.1373,0.13
180/A/NBP/2020,2020-09-15,4.1321,-0.03
179/A/NBP/2020,2020-09-14,4.1334,0.06
178/A/NBP/2020,2020-09-11,4.1309,-0.19
177/A/NBP/2020,2020-09-10,4.1389,0.32
176/A/NBP/2020,2020-09-09,4.1256,0.56
175/A/NBP/2020,2020-09-08,4.1027,-0.55
174/A/NBP/2020,2020-09-07,4.1253,-0.01
173/A/NBP/2020,2020-09-04,4.1259,0.69
172/A/NBP/2020,2020-09-03,4.0975,0.57
171/A/NBP/2020,2020-09-02,4.0742,0.2
170/A/NBP/2020,2020-09-01,4.0659,-0.55
169/A/NBP/2020,2020-08-31,4.0884,-0.15
168/A/NBP/2020,2020-08-28,4.0945,-0.32
167/A/NBP/2020,2020-08-27,4.1078,0.32
166/A/NBP/2020,2020-08-26,4.0947,0.26
165/A/NBP/2020,2020-08-25,4.0842,-0.29
164/A/NBP/2020,2020-08-24,4.0959,0.36
163/A/NBP/2020,2020-08-21,4.0814,0.2
162/A/NBP/2020,2020-08-20,4.0734,0.07
161/A/NBP/2020,2020-08-19,4.0707,-0.16
160/A/NBP/2020,2020-08-18,4.0773,-0.13
159/A/NBP/2020,2020-08-17,4.0828,-0.19
158/A/NBP/2020,2020-08-14,4.0906,0.05
157/A/NBP/2020,2020-08-13,4.0887,-0.29
156/A/NBP/2020,2020-08-12,4.1005,0.27
155/A/NBP/2020,2020-08-11,4.0896,0.13
154/A/NBP/2020,2020-08-10,4.0843,-0.03
153/A/NBP/2020,2020-08-07,4.0856,-0.34
152/A/NBP/2020,2020-08-06,4.0996,0.46
151/A/NBP/2020,2020-08-05,4.081,0.01
150/A/NBP/2020,2020-08-04,4.0806,-0.2
149/A/NBP/2020,2020-08-03,4.0887,-0.14
148/A/NBP/2020,2020-07-31,4.0946,-0.27
147/A/NBP/2020,2020-07-30,4.1058,-0.05
146/A/NBP/2020,2020-07-29,4.1078,0.71
145/A/NBP/2020,2020-07-28,4.0787,-0.26
144/A/NBP/2020,2020-07-27,4.0893,-0.48
143/A/NBP/2020,2020-07-24,4.1089,0.18
142/A/NBP/2020,2020-07-23,4.1014,-0.57
141/A/NBP/2020,2020-07-22,4.1248,-0.26
140/A/NBP/2020,2020-07-21,4.1355,-0.38
139/A/NBP/2020,2020-07-20,4.1513,-0.32
138/A/NBP/2020,2020-07-17,4.1647,-0.17
137/A/NBP/2020,2020-07-16,4.1719,0.1
136/A/NBP/2020,2020-07-15,4.1677,-1.04
135/A/NBP/2020,2020-07-14,4.2117,0.26
134/A/NBP/2020,2020-07-13,4.2006,-0.22
133/A/NBP/2020,2020-07-10,4.2099,0.04
132/A/NBP/2020,2020-07-09,4.2081,-0.09
131/A/NBP/2020,2020-07-08,4.2121,0.22
130/A/NBP/2020,2020-07-07,4.2027,0.02
129/A/NBP/2020,2020-07-06,4.202,0
128/A/NBP/2020,2020-07-03,4.2018,0.23
127/A/NBP/2020,2020-07-02,4.192,0.28
126/A/NBP/2020,2020-07-01,4.1804,-0.03
125/A/NBP/2020,2020-06-30,4.1818,-0.18
124/A/NBP/2020,2020-06-29,4.1893,-0.06
123/A/NBP/2020,2020-06-26,4.1919,0.4
122/A/NBP/2020,2020-06-25,4.1754,0.12
121/A/NBP/2020,2020-06-24,4.1702,0.21
120/A/NBP/2020,2020-06-23,4.1616,-0.37
119/A/NBP/2020,2020-06-22,4.1769,-0.1
118/A/NBP/2020,2020-06-19,4.1811,0.3
117/A/NBP/2020,2020-06-18,4.1685,0.24
116/A/NBP/2020,2020-06-17,4.1586,0.97
115/A/NBP/2020,2020-06-16,4.1187,-0.64
114/A/NBP/2020,2020-06-15,4.1454,-0.2
113/A/NBP/2020,2020-06-12,4.1538,0.29
112/A/NBP/2020,2020-06-10,4.1419,0.28
111/A/NBP/2020,2020-06-09,4.1303,1.41
110/A/NBP/2020,2020-06-08,4.0729,-0.53
109/A/NBP/2020,2020-06-05,4.0948,-0.59
108/A/NBP/2020,2020-06-04,4.119,1.37
107/A/NBP/2020,2020-06-03,4.0635,-0.95
106/A/NBP/2020,2020-06-02,4.1024,-0.91
105/A/NBP/2020,2020-06-01,4.1401,-0.53
104/A/NBP/2020,2020-05-29,4.1621,0.31
103/A/NBP/2020,2020-05-28,4.1494,-0.51
102/A/NBP/2020,2020-05-27,4.1707,-1.23
101/A/NBP/2020,2020-05-26,4.2226,-0.88
100/A/NBP/2020,2020-05-25,4.26,-0.21
99/A/NBP/2020,2020-05-22,4.2688,-0.23
98/A/NBP/2020,2020-05-21,4.2787,-0.53
97/A/NBP/2020,2020-05-20,4.3013,0.33
96/A/NBP/2020,2020-05-19,4.2871,-1.26
95/A/NBP/2020,2020-05-18,4.3419,0.29
94/A/NBP/2020,2020-05-15,4.3294,-0.35
93/A/NBP/2020,2020-05-14,4.3445,0.1
92/A/NBP/2020,2020-05-13,4.3402,0.2
91/A/NBP/2020,2020-05-12,4.3316,0.03
90/A/NBP/2020,2020-05-11,4.3301,0.02
89/A/NBP/2020,2020-05-08,4.3293,0.21
88/A/NBP/2020,2020-05-07,4.3204,0.21
87/A/NBP/2020,2020-05-06,4.3112,-0.22
86/A/NBP/2020,2020-05-05,4.3206,-0.02
85/A/NBP/2020,2020-05-04,4.3216,0.53
84/A/NBP/2020,2020-04-30,4.2989,-0.06
83/A/NBP/2020,2020-04-29,4.3013,0.4
82/A/NBP/2020,2020-04-28,4.2843,-0.11
81/A/NBP/2020,2020-04-27,4.2892,-0.52
80/A/NBP/2020,2020-04-24,4.3116,-0.26
79/A/NBP/2020,2020-04-23,4.3229,0.37
78/A/NBP/2020,2020-04-22,4.307,0.01
77/A/NBP/2020,2020-04-21,4.3065,0.26
76/A/NBP/2020,2020-04-20,4.2952,-0.44
75/A/NBP/2020,2020-04-17,4.3143,0.13
74/A/NBP/2020,2020-04-16,4.3088,0.05
73/A/NBP/2020,2020-04-15,4.3066,-0.24
72/A/NBP/2020,2020-04-14,4.317,0.26
71/A/NBP/2020,2020-04-10,4.3058,0.17
70/A/NBP/2020,2020-04-09,4.2986,0
69/A/NBP/2020,2020-04-08,4.2987,0.24
68/A/NBP/2020,2020-04-07,4.2883,-0.73
67/A/NBP/2020,2020-04-06,4.3199,-0.47
66/A/NBP/2020,2020-04-03,4.3403,0.19
65/A/NBP/2020,2020-04-02,4.3319,0.19
64/A/NBP/2020,2020-04-01,4.3236,0.55
63/A/NBP/2020,2020-03-31,4.3001,0.38
62/A/NBP/2020,2020-03-30,4.284,0.39
61/A/NBP/2020,2020-03-27,4.2675,-1.21
60/A/NBP/2020,2020-03-26,4.3197,0.14
59/A/NBP/2020,2020-03-25,4.3137,-0.98
58/A/NBP/2020,2020-03-24,4.3563,0.81
57/A/NBP/2020,2020-03-23,4.3214,0.21
56/A/NBP/2020,2020-03-20,4.3124,-0.95
55/A/NBP/2020,2020-03-19,4.3536,2.5
54/A/NBP/2020,2020-03-18,4.2474,0.02
53/A/NBP/2020,2020-03-17,4.2467,2.03
52/A/NBP/2020,2020-03-16,4.1624,0.77
51/A/NBP/2020,2020-03-13,4.1307,0.28
50/A/NBP/2020,2020-03-12,4.119,1.11
49/A/NBP/2020,2020-03-11,4.0737,-0.12
48/A/NBP/2020,2020-03-10,4.0787,-0.03
47/A/NBP/2020,2020-03-09,4.0799,0.19
46/A/NBP/2020,2020-03-06,4.0721,0.82
45/A/NBP/2020,2020-03-05,4.0391,0.02
44/A/NBP/2020,2020-03-04,4.0382,-0.37
43/A/NBP/2020,2020-03-03,4.0532,-0.08
42/A/NBP/2020,2020-03-02,4.0566,-0.41
41/A/NBP/2020,2020-02-28,4.0734,0.46
40/A/NBP/2020,2020-02-27,4.0548,-0.17
39/A/NBP/2020,2020-02-26,4.0617,0.2
38/A/NBP/2020,2020-02-25,4.0537,-0.01
37/A/NBP/2020,2020-02-24,4.0542,0.43
36/A/NBP/2020,2020-02-21,4.0367,0.15
35/A/NBP/2020,2020-02-20,4.0308,0.24
34/A/NBP/2020,2020-02-19,4.0213,-0.01
33/A/NBP/2020,2020-02-18,4.0218,0.74
32/A/NBP/2020,2020-02-17,3.9921,0.17
31/A/NBP/2020,2020-02-14,3.9853,-0.49
30/A/NBP/2020,2020-02-13,4.005,0.07
29/A/NBP/2020,2020-02-12,4.002,0.18
28/A/NBP/2020,2020-02-11,3.9947,0.15
27/A/NBP/2020,2020-02-10,3.9889,-0.05
26/A/NBP/2020,2020-02-07,3.9908,0.57
25/A/NBP/2020,2020-02-06,3.968,-0.16
24/A/NBP/2020,2020-02-05,3.9744,-0.72
23/A/NBP/2020,2020-02-04,4.0031,-0.69
22/A/NBP/2020,2020-02-03,4.0311,0.29
21/A/NBP/2020,2020-01-31,4.0194,0.42
20/A/NBP/2020,2020-01-30,4.0027,0.39
19/A/NBP/2020,2020-01-29,3.9873,-0.55
18/A/NBP/2020,2020-01-28,4.0094,0.45
17/A/NBP/2020,2020-01-27,3.9915,0.72
16/A/NBP/2020,2020-01-24,3.9629,0.24
15/A/NBP/2020,2020-01-23,3.9535,0.53
14/A/NBP/2020,2020-01-22,3.9328,-0.52
13/A/NBP/2020,2020-01-21,3.9532,-0.02
12/A/NBP/2020,2020-01-20,3.9539,0.33
11/A/NBP/2020,2020-01-17,3.941,-0.03
10/A/NBP/2020,2020-01-16,3.9421,0.26
9/A/NBP/2020,2020-01-15,3.9317,0.28
8/A/NBP/2020,2020-01-14,3.9208,0.1
7/A/NBP/2020,2020-01-13,3.917,-0.24
6/A/NBP/2020,2020-01-10,3.9265,0
5/A/NBP/2020,2020-01-09,3.9265,0.05
4/A/NBP/2020,2020-01-08,3.9245,0.65
3/A/NBP/2020,2020-01-07,3.8992,-0.67
2/A/NBP/2020,2020-01-03,3.9254,0.16
1/A/NBP/2020,2020-01-02,3.9191,-0.06
251/A/NBP/2019,2019-12-31,3.9213,0.31
250/A/NBP/2019,2019-12-30,3.9091,-0.27
249/A/NBP/2019,2019-12-27,3.9196,0.08
248/A/NBP/2019,2019-12-24,3.9164,0
247/A/NBP/2019,2019-12-23,3.9164,0.18
246/A/NBP/2019,2019-12-20,3.9095,0.2
245/A/NBP/2019,2019-12-19,3.9017,-0.13
244/A/NBP/2019,2019-12-18,3.9069,0.56
243/A/NBP/2019,2019-12-17,3.885,-0.26
242/A/NBP/2019,2019-12-16,3.8953,0.09
241/A/NBP/2019,2019-12-13,3.8919,-0.67
240/A/NBP/2019,2019-12-12,3.9181,-0.19
239/A/NBP/2019,2019-12-11,3.9257,0.02
238/A/NBP/2019,2019-12-10,3.9251,0.42
237/A/NBP/2019,2019-12-09,3.9087,0.32
236/A/NBP/2019,2019-12-06,3.8963,-0.07
235/A/NBP/2019,2019-12-05,3.8989,-0.24
234/A/NBP/2019,2019-12-04,3.9081,-0.12
233/A/NBP/2019,2019-12-03,3.9126,0.2
232/A/NBP/2019,2019-12-02,3.9047,-0.64
231/A/NBP/2019,2019-11-29,3.93,0.01
230/A/NBP/2019,2019-11-28,3.9298,0.15
229/A/NBP/2019,2019-11-27,3.924,0.28
228/A/NBP/2019,2019-11-26,3.9131,0
227/A/NBP/2019,2019-11-25,3.913,0.07
226/A/NBP/2019,2019-11-22,3.9102,-0.03
225/A/NBP/2019,2019-11-21,3.9113,-0.03
224/A/NBP/2019,2019-11-20,3.9126,0.03
223/A/NBP/2019,2019-11-19,3.9113,-0.05
222/A/NBP/2019,2019-11-18,3.9133,-0.19
221/A/NBP/2019,2019-11-15,3.9206,-0.75
220/A/NBP/2019,2019-11-14,3.9501,0.51
219/A/NBP/2019,2019-11-13,3.9299,0.79
218/A/NBP/2019,2019-11-12,3.8992,0.5
217/A/NBP/2019,2019-11-08,3.8797,0.08
216/A/NBP/2019,2019-11-07,3.8767,-0.03
215/A/NBP/2019,2019-11-06,3.8778,0.28
214/A/NBP/2019,2019-11-05,3.8669,0.26
213/A/NBP/2019,2019-11-04,3.8567,-0.29
212/A/NBP/2019,2019-10-31,3.8681,-0.03
211/A/NBP/2019,2019-10-30,3.8693,-0.18
210/A/NBP/2019,2019-10-29,3.8763,0.16
209/A/NBP/2019,2019-10-28,3.8701,-0.25
208/A/NBP/2019,2019-10-25,3.8799,-0.04
207/A/NBP/2019,2019-10-24,3.8816,-0.18
206/A/NBP/2019,2019-10-23,3.8887,0.09
205/A/NBP/2019,2019-10-22,3.8851,-0.12
204/A/NBP/2019,2019-10-21,3.8899,-0.18
203/A/NBP/2019,2019-10-18,3.8969,0.17
202/A/NBP/2019,2019-10-17,3.8902,-0.36
201/A/NBP/2019,2019-10-16,3.9041,0.11
200/A/NBP/2019,2019-10-15,3.9,-0.27
199/A/NBP/2019,2019-10-14,3.9104,-0.22
198/A/NBP/2019,2019-10-11,3.9192,-0.88
197/A/NBP/2019,2019-10-10,3.9538,-0.26
196/A/NBP/2019,2019-10-09,3.9643,-0.18
195/A/NBP/2019,2019-10-08,3.9714,-0.03
194/A/NBP/2019,2019-10-07,3.9727,0.35
193/A/NBP/2019,2019-10-04,3.9588,-0.27
192/A/NBP/2019,2019-10-03,3.9694,-1.18
191/A/NBP/2019,2019-10-02,4.0167,0.13
190/A/NBP/2019,2019-10-01,4.0116,-0.4
189/A/NBP/2019,2019-09-30,4.0278,-0.4
188/A/NBP/2019,2019-09-27,4.0439,0.22
187/A/NBP/2019,2019-09-26,4.0352,-0.21
186/A/NBP/2019,2019-09-25,4.0437,0.54
185/A/NBP/2019,2019-09-24,4.0219,-0.45
184/A/NBP/2019,2019-09-23,4.0399,1.84
183/A/NBP/2019,2019-09-20,3.9668,0.14
182/A/NBP/2019,2019-09-19,3.9612,0.29
181/A/NBP/2019,2019-09-18,3.9499,-0.38
180/A/NBP/2019,2019-09-17,3.9649,0.38
179/A/NBP/2019,2019-09-16,3.95,-0.27
178/A/NBP/2019,2019-09-13,3.9608,-0.33
177/A/NBP/2019,2019-09-12,3.9738,0.42
176/A/NBP/2019,2019-09-11,3.9572,-0.12
175/A/NBP/2019,2019-09-10,3.962,-0.17
174/A/NBP/2019,2019-09-09,3.9688,-0.16
173/A/NBP/2019,2019-09-06,3.9753,-0.67
172/A/NBP/2019,2019-09-05,4.0021,0.14
171/A/NBP/2019,2019-09-04,3.9966,-0.69
170/A/NBP/2019,2019-09-03,4.0244,0.13
169/A/NBP/2019,2019-09-02,4.0192,0.04
168/A/NBP/2019,2019-08-30,4.0174,-0.19
167/A/NBP/2019,2019-08-29,4.0252,-0.1
166/A/NBP/2019,2019-08-28,4.0293,0.48
165/A/NBP/2019,2019-08-27,4.0101,-0.22
164/A/NBP/2019,2019-08-26,4.0188,0.78
163/A/NBP/2019,2019-08-23,3.9876,-0.43
162/A/NBP/2019,2019-08-22,4.005,0.09
161/A/NBP/2019,2019-08-21,4.0014,-0.53
160/A/NBP/2019,2019-08-20,4.0227,0.39
159/A/NBP/2019,2019-08-19,4.0071,-0.05
158/A/NBP/2019,2019-08-16,4.0093,0.42
157/A/NBP/2019,2019-08-14,3.9924,0.17
156/A/NBP/2019,2019-08-13,3.9857,0.28
155/A/NBP/2019,2019-08-12,3.9746,0.29
154/A/NBP/2019,2019-08-09,3.9632,0.26
153/A/NBP/2019,2019-08-08,3.953,0.14
152/A/NBP/2019,2019-08-07,3.9474,-0.04
151/A/NBP/2019,2019-08-06,3.9489,-0.59
150/A/NBP/2019,2019-08-05,3.9724,0.92
149/A/NBP/2019,2019-08-02,3.9363,0.78
148/A/NBP/2019,2019-08-01,3.9058,0.52
147/A/NBP/2019,2019-07-31,3.8856,-0.01
146/A/NBP/2019,2019-07-30,3.8859,0.22
145/A/NBP/2019,2019-07-29,3.8774,0.42
144/A/NBP/2019,2019-07-26,3.8612,-0.32
143/A/NBP/2019,2019-07-25,3.8735,-0.1
142/A/NBP/2019,2019-07-24,3.8775,0.48
141/A/NBP/2019,2019-07-23,3.8589,0.05
140/A/NBP/2019,2019-07-22,3.8571,0.24
139/A/NBP/2019,2019-07-19,3.848,-0.06
138/A/NBP/2019,2019-07-18,3.8505,0.18
137/A/NBP/2019,2019-07-17,3.8434,-0.11
136/A/NBP/2019,2019-07-16,3.8475,-0.1
135/A/NBP/2019,2019-07-15,3.8512,0.3
134/A/NBP/2019,2019-07-12,3.8397,-0.02
133/A/NBP/2019,2019-07-11,3.8406,-0.01
132/A/NBP/2019,2019-07-10,3.841,0.33
131/A/NBP/2019,2019-07-09,3.8282,0.23
130/A/NBP/2019,2019-07-08,3.8194,0.08
129/A/NBP/2019,2019-07-05,3.8165,0.1
128/A/NBP/2019,2019-07-04,3.8125,-0.07
127/A/NBP/2019,2019-07-03,3.8152,0.25
126/A/NBP/2019,2019-07-02,3.8056,0.06
125/A/NBP/2019,2019-07-01,3.8034,-0.75
124/A/NBP/2019,2019-06-28,3.8322,0.22
123/A/NBP/2019,2019-06-27,3.8238,-0.62
122/A/NBP/2019,2019-06-26,3.8477,0.44
121/A/NBP/2019,2019-06-25,3.8308,0.13
120/A/NBP/2019,2019-06-24,3.8259,-0.32
119/A/NBP/2019,2019-06-21,3.8381,0.59
118/A/NBP/2019,2019-06-19,3.8157,0.15
117/A/NBP/2019,2019-06-18,3.8099,0.23
116/A/NBP/2019,2019-06-17,3.8013,0.28
115/A/NBP/2019,2019-06-14,3.7905,-0.27
114/A/NBP/2019,2019-06-13,3.8009,0.17
113/A/NBP/2019,2019-06-12,3.7943,-0.3
112/A/NBP/2019,2019-06-11,3.8059,-0.11
111/A/NBP/2019,2019-06-10,3.81,-0.24
110/A/NBP/2019,2019-06-07,3.8191,-0.24
109/A/NBP/2019,2019-06-06,3.8281,0.12
108/A/NBP/2019,2019-06-05,3.8234,-0.09
107/A/NBP/2019,2019-06-04,3.8267,-0.37
106/A/NBP/2019,2019-06-03,3.8411,0.31
105/A/NBP/2019,2019-05-31,3.8294,0.26
104/A/NBP/2019,2019-05-30,3.8196,-0.35
103/A/NBP/2019,2019-05-29,3.8329,0.21
102/A/NBP/2019,2019-05-28,3.8249,0.25
101/A/NBP/2019,2019-05-27,3.8154,-0.45
100/A/NBP/2019,2019-05-24,3.8327,-0.04
99/A/NBP/2019,2019-05-23,3.8343,0.35
98/A/NBP/2019,2019-05-22,3.8209,-0.07
97/A/NBP/2019,2019-05-21,3.8235,0.12
96/A/NBP/2019,2019-05-20,3.8189,-0.02
95/A/NBP/2019,2019-05-17,3.8196,0.64
94/A/NBP/2019,2019-05-16,3.7952,-0.76
93/A/NBP/2019,2019-05-15,3.8244,0.53
92/A/NBP/2019,2019-05-14,3.8042,0.25
91/A/NBP/2019,2019-05-13,3.7949,0.57
90/A/NBP/2019,2019-05-10,3.7734,-0.02
89/A/NBP/2019,2019-05-09,3.7741,0.23
88/A/NBP/2019,2019-05-08,3.7654,0.19
87/A/NBP/2019,2019-05-07,3.7583,-0.18
86/A/NBP/2019,2019-05-06,3.7649,0.45
85/A/NBP/2019,2019-05-02,3.748,-0.34
84/A/NBP/2019,2019-04-30,3.7607,-0.37
83/A/NBP/2019,2019-04-29,3.7747,0.03
82/A/NBP/2019,2019-04-26,3.7734,-0.12
81/A/NBP/2019,2019-04-25,3.7781,0.56
80/A/NBP/2019,2019-04-24,3.757,0.38
79/A/NBP/2019,2019-04-23,3.7427,-0.35
78/A/NBP/2019,2019-04-19,3.7557,-0.08
77/A/NBP/2019,2019-04-18,3.7586,0.24
76/A/NBP/2019,2019-04-17,3.7495,-0.31
75/A/NBP/2019,2019-04-16,3.7612,-0.23
74/A/NBP/2019,2019-04-15,3.7698,-0.39
73/A/NBP/2019,2019-04-12,3.7846,-0.18
72/A/NBP/2019,2019-04-11,3.7913,-0.19
71/A/NBP/2019,2019-04-10,3.7984,-0.22
70/A/NBP/2019,2019-04-09,3.8069,-0.29
69/A/NBP/2019,2019-04-08,3.818,-0.11
68/A/NBP/2019,2019-04-05,3.8222,-0.11
67/A/NBP/2019,2019-04-04,3.8263,-0.17
66/A/NBP/2019,2019-04-03,3.8328,-0.22
65/A/NBP/2019,2019-04-02,3.8412,-0.22
64/A/NBP/2019,2019-04-01,3.8495,-0.05
63/A/NBP/2019,2019-03-29,3.8513,0.36
62/A/NBP/2019,2019-03-28,3.8376,0.01
61/A/NBP/2019,2019-03-27,3.8373,0.33
60/A/NBP/2019,2019-03-26,3.8245,0.16
59/A/NBP/2019,2019-03-25,3.8184,0.28
58/A/NBP/2019,2019-03-22,3.8079,0.61
57/A/NBP/2019,2019-03-21,3.7849,0.18
56/A/NBP/2019,2019-03-20,3.7781,-0.12
55/A/NBP/2019,2019-03-19,3.7828,-0.03
54/A/NBP/2019,2019-03-18,3.7838,-0.07
53/A/NBP/2019,2019-03-15,3.7863,0.02
52/A/NBP/2019,2019-03-14,3.7854,0.01
51/A/NBP/2019,2019-03-13,3.7852,0.1
50/A/NBP/2019,2019-03-12,3.7813,-0.23
49/A/NBP/2019,2019-03-11,3.7902,-0.34
48/A/NBP/2019,2019-03-08,3.8031,0.43
47/A/NBP/2019,2019-03-07,3.7867,0.06
46/A/NBP/2019,2019-03-06,3.7845,-0.25
45/A/NBP/2019,2019-03-05,3.794,0.22
44/A/NBP/2019,2019-03-04,3.7856,-0.13
43/A/NBP/2019,2019-03-01,3.7907,-0.28
42/A/NBP/2019,2019-02-28,3.8013,0.03
41/A/NBP/2019,2019-02-27,3.8003,-0.37
40/A/NBP/2019,2019-02-26,3.8145,-0.32
39/A/NBP/2019,2019-02-25,3.8267,0.11
38/A/NBP/2019,2019-02-22,3.8225,0.14
37/A/NBP/2019,2019-02-21,3.8171,-0.05
36/A/NBP/2019,2019-02-20,3.819,0.13
35/A/NBP/2019,2019-02-19,3.8141,-0.02
34/A/NBP/2019,2019-02-18,3.815,0.18
33/A/NBP/2019,2019-02-15,3.8081,-0.26
32/A/NBP/2019,2019-02-14,3.8182,0.4
31/A/NBP/2019,2019-02-13,3.8031,-0.16
30/A/NBP/2019,2019-02-12,3.8093,0.03
29/A/NBP/2019,2019-02-11,3.8082,0.33
28/A/NBP/2019,2019-02-08,3.7956,0.38
27/A/NBP/2019,2019-02-07,3.7814,0.36
26/A/NBP/2019,2019-02-06,3.768,0.43
25/A/NBP/2019,2019-02-05,3.7519,0.02
24/A/NBP/2019,2019-02-04,3.7511,0.01
23/A/NBP/2019,2019-02-01,3.7509,-0.03
22/A/NBP/2019,2019-01-31,3.7521,-0.54
21/A/NBP/2019,2019-01-30,3.7725,-0.36
20/A/NBP/2019,2019-01-29,3.7861,-0.09
19/A/NBP/2019,2019-01-28,3.7896,-0.39
18/A/NBP/2019,2019-01-25,3.8044,-0.11
17/A/NBP/2019,2019-01-24,3.8084,0.71
16/A/NBP/2019,2019-01-23,3.7817,-0.06
15/A/NBP/2019,2019-01-22,3.7839,-0.01
14/A/NBP/2019,2019-01-21,3.7844,-0.19
13/A/NBP/2019,2019-01-18,3.7917,-0.01
12/A/NBP/2019,2019-01-17,3.7921,-0.38
11/A/NBP/2019,2019-01-16,3.8066,-0.12
10/A/NBP/2019,2019-01-15,3.8111,-0.01
9/A/NBP/2019,2019-01-14,3.8116,0.45
8/A/NBP/2019,2019-01-11,3.7945,-0.86
7/A/NBP/2019,2019-01-10,3.8273,-0.02
6/A/NBP/2019,2019-01-09,3.8282,-0.07
5/A/NBP/2019,2019-01-08,3.8307,0.16
4/A/NBP/2019,2019-01-07,3.8245,0.08
3/A/NBP/2019,2019-01-04,3.8213,-0.34
2/A/NBP/2019,2019-01-03,3.8343,0.26
1/A/NBP/2019,2019-01-02,3.8242,0.2
252/A/NBP/2018,2018-12-31,3.8166,0.13
251/A/NBP/2018,2018-12-28,3.8115,0.47
250/A/NBP/2018,2018-12-27,3.7938,0.43
249/A/NBP/2018,2018-12-24,3.7777,-0.37
248/A/NBP/2018,2018-12-21,3.7916,0.31
247/A/NBP/2018,2018-12-20,3.7797,-0.21
246/A/NBP/2018,2018-12-19,3.7875,-0.3
245/A/NBP/2018,2018-12-18,3.7989,-0.09
244/A/NBP/2018,2018-12-17,3.8025,-0.46
243/A/NBP/2018,2018-12-14,3.8202,0.44
242/A/NBP/2018,2018-12-13,3.8036,-0.41
241/A/NBP/2018,2018-12-12,3.8191,-0.2
240/A/NBP/2018,2018-12-11,3.8266,0.71
239/A/NBP/2018,2018-12-10,3.7996,0.19
238/A/NBP/2018,2018-12-07,3.7924,-0.08
237/A/NBP/2018,2018-12-06,3.7955,0.15
236/A/NBP/2018,2018-12-05,3.7899,0.35
235/A/NBP/2018,2018-12-04,3.7765,-0.01
234/A/NBP/2018,2018-12-03,3.7768,-0.28
233/A/NBP/2018,2018-11-30,3.7873,-0.23
232/A/NBP/2018,2018-11-29,3.796,-0.46
231/A/NBP/2018,2018-11-28,3.8137,0.49
230/A/NBP/2018,2018-11-27,3.795,0.31
229/A/NBP/2018,2018-11-26,3.7831,-0.31
228/A/NBP/2018,2018-11-23,3.7949,-0.13
227/A/NBP/2018,2018-11-22,3.8,-0.08
226/A/NBP/2018,2018-11-21,3.8029,-0.37
225/A/NBP/2018,2018-11-20,3.8171,0.59
224/A/NBP/2018,2018-11-19,3.7947,0.9
223/A/NBP/2018,2018-11-16,3.7608,-0.54
222/A/NBP/2018,2018-11-15,3.7814,0.18
221/A/NBP/2018,2018-11-14,3.7747,-0.3
220/A/NBP/2018,2018-11-13,3.7862,0.14
219/A/NBP/2018,2018-11-12,3.7809,0.73
218/A/NBP/2018,2018-11-09,3.7535,0.08
217/A/NBP/2018,2018-11-08,3.7504,-0.05
216/A/NBP/2018,2018-11-07,3.7522,-0.27
215/A/NBP/2018,2018-11-06,3.7624,-0.26
214/A/NBP/2018,2018-11-05,3.7722,-0.27
213/A/NBP/2018,2018-11-02,3.7825,-0.41
212/A/NBP/2018,2018-10-31,3.7982,0.01
211/A/NBP/2018,2018-10-30,3.7977,0.14
210/A/NBP/2018,2018-10-29,3.7925,0.1
209/A/NBP/2018,2018-10-26,3.7887,0.03
208/A/NBP/2018,2018-10-25,3.7875,0.19
207/A/NBP/2018,2018-10-24,3.7802,0.36
206/A/NBP/2018,2018-10-23,3.7667,0.75
205/A/NBP/2018,2018-10-22,3.7387,-0.95
204/A/NBP/2018,2018-10-19,3.7746,0.54
203/A/NBP/2018,2018-10-18,3.7543,0.23
202/A/NBP/2018,2018-10-17,3.7456,-0.13
201/A/NBP/2018,2018-10-16,3.7505,0.01
200/A/NBP/2018,2018-10-15,3.7502,0.02
199/A/NBP/2018,2018-10-12,3.7494,-0.86
198/A/NBP/2018,2018-10-11,3.7818,0.13
197/A/NBP/2018,2018-10-10,3.777,-0.24
196/A/NBP/2018,2018-10-09,3.7861,-0.02
195/A/NBP/2018,2018-10-08,3.7869,0.34
194/A/NBP/2018,2018-10-05,3.7741,-0.2
193/A/NBP/2018,2018-10-04,3.7816,0.44
192/A/NBP/2018,2018-10-03,3.765,-0.82
191/A/NBP/2018,2018-10-02,3.7962,1.36
190/A/NBP/2018,2018-10-01,3.7452,-0.49
189/A/NBP/2018,2018-09-28,3.7638,-0.16
188/A/NBP/2018,2018-09-27,3.7697,-0.1
187/A/NBP/2018,2018-09-26,3.7735,-0.1
186/A/NBP/2018,2018-09-25,3.7773,-1.06
185/A/NBP/2018,2018-09-24,3.8177,0.22
184/A/NBP/2018,2018-09-21,3.8095,0.29
183/A/NBP/2018,2018-09-20,3.7985,-0.05
182/A/NBP/2018,2018-09-19,3.8005,-0.84
181/A/NBP/2018,2018-09-18,3.8327,0.34
180/A/NBP/2018,2018-09-17,3.8199,0.06
179/A/NBP/2018,2018-09-14,3.8178,-0.22
178/A/NBP/2018,2018-09-13,3.8264,0.26
177/A/NBP/2018,2018-09-12,3.8166,0.25
176/A/NBP/2018,2018-09-11,3.8069,-0.82
175/A/NBP/2018,2018-09-10,3.8384,0.13
174/A/NBP/2018,2018-09-07,3.8335,0.07
173/A/NBP/2018,2018-09-06,3.8309,0.02
172/A/NBP/2018,2018-09-05,3.8301,0.04
171/A/NBP/2018,2018-09-04,3.8287,0.46
170/A/NBP/2018,2018-09-03,3.8112,0.21
169/A/NBP/2018,2018-08-31,3.8033,0.43
168/A/NBP/2018,2018-08-30,3.7871,0.69
167/A/NBP/2018,2018-08-29,3.7613,0.56
166/A/NBP/2018,2018-08-28,3.7404,-0.09
165/A/NBP/2018,2018-08-27,3.7437,-0.42
164/A/NBP/2018,2018-08-24,3.7596,-0.31
163/A/NBP/2018,2018-08-23,3.7714,0.02
162/A/NBP/2018,2018-08-22,3.7705,-0.39
161/A/NBP/2018,2018-08-21,3.7853,0.04
160/A/NBP/2018,2018-08-20,3.7838,-0.23
159/A/NBP/2018,2018-08-17,3.7926,-0.54
158/A/NBP/2018,2018-08-16,3.8131,0.27
157/A/NBP/2018,2018-08-14,3.8027,-0.07
156/A/NBP/2018,2018-08-13,3.8054,0.95
155/A/NBP/2018,2018-08-10,3.7697,1.7
154/A/NBP/2018,2018-08-09,3.7068,0.43
153/A/NBP/2018,2018-08-08,3.6908,0.03
152/A/NBP/2018,2018-08-07,3.6896,-0.52
151/A/NBP/2018,2018-08-06,3.7088,-0.08
150/A/NBP/2018,2018-08-03,3.7118,0.35
149/A/NBP/2018,2018-08-02,3.6988,0.28
148/A/NBP/2018,2018-08-01,3.6884,-0.12
147/A/NBP/2018,2018-07-31,3.6928,-0.01
146/A/NBP/2018,2018-07-30,3.6932,-0.32
145/A/NBP/2018,2018-07-27,3.705,0.38
144/A/NBP/2018,2018-07-26,3.6909,-0.43
143/A/NBP/2018,2018-07-25,3.707,-0.43
142/A/NBP/2018,2018-07-24,3.723,-0.11
141/A/NBP/2018,2018-07-23,3.7271,0.19
140/A/NBP/2018,2018-07-20,3.7199,0.21
139/A/NBP/2018,2018-07-19,3.7121,0.49
138/A/NBP/2018,2018-07-18,3.6941,0.25
137/A/NBP/2018,2018-07-17,3.685,0.09
136/A/NBP/2018,2018-07-16,3.6816,-0.81
135/A/NBP/2018,2018-07-13,3.7118,-0.11
134/A/NBP/2018,2018-07-12,3.7159,-0.26
133/A/NBP/2018,2018-07-11,3.7255,0.07
132/A/NBP/2018,2018-07-10,3.723,-0.28
131/A/NBP/2018,2018-07-09,3.7334,-0.46
130/A/NBP/2018,2018-07-06,3.7507,-0.67
129/A/NBP/2018,2018-07-05,3.7759,-0.7
128/A/NBP/2018,2018-07-04,3.8027,0.14
127/A/NBP/2018,2018-07-03,3.7973,-0.12
126/A/NBP/2018,2018-07-02,3.8019,0.84
125/A/NBP/2018,2018-06-29,3.7702,-0.16
124/A/NBP/2018,2018-06-28,3.7764,0.25
123/A/NBP/2018,2018-06-27,3.7669,0.2
122/A/NBP/2018,2018-06-26,3.7595,0.07
121/A/NBP/2018,2018-06-25,3.7567,0.54
120/A/NBP/2018,2018-06-22,3.7367,-0.95
119/A/NBP/2018,2018-06-21,3.7726,0.68
118/A/NBP/2018,2018-06-20,3.747,0.02
117/A/NBP/2018,2018-06-19,3.7462,0.89
116/A/NBP/2018,2018-06-18,3.713,0.2
115/A/NBP/2018,2018-06-15,3.7056,0.74
114/A/NBP/2018,2018-06-14,3.6782,-0.25
113/A/NBP/2018,2018-06-13,3.6874,0.03
112/A/NBP/2018,2018-06-12,3.6862,0.28
111/A/NBP/2018,2018-06-11,3.676,-1.01
110/A/NBP/2018,2018-06-08,3.7136,1.14
109/A/NBP/2018,2018-06-07,3.6717,-0.77
108/A/NBP/2018,2018-06-06,3.7001,-0.23
107/A/NBP/2018,2018-06-05,3.7087,-0.35
106/A/NBP/2018,2018-06-04,3.7218,-0.6
105/A/NBP/2018,2018-06-01,3.7442,-0.36
104/A/NBP/2018,2018-05-30,3.7577,0.06
103/A/NBP/2018,2018-05-29,3.7554,1.1
102/A/NBP/2018,2018-05-28,3.7145,0.51
101/A/NBP/2018,2018-05-25,3.6956,0.18
100/A/NBP/2018,2018-05-24,3.689,-0.32
99/A/NBP/2018,2018-05-23,3.7007,1.71
98/A/NBP/2018,2018-05-22,3.6385,-0.7
97/A/NBP/2018,2018-05-21,3.6641,0.63
96/A/NBP/2018,2018-05-18,3.6413,0.51
95/A/NBP/2018,2018-05-17,3.6229,-0.14
94/A/NBP/2018,2018-05-16,3.6278,1.02
93/A/NBP/2018,2018-05-15,3.5912,0.89
92/A/NBP/2018,2018-05-14,3.5594,-0.14
91/A/NBP/2018,2018-05-11,3.5643,0.04
90/A/NBP/2018,2018-05-10,3.563,-0.99
89/A/NBP/2018,2018-05-09,3.5988,0.68
88/A/NBP/2018,2018-05-08,3.5744,0.66
87/A/NBP/2018,2018-05-07,3.5509,-0.78
86/A/NBP/2018,2018-05-04,3.5789,0.16
85/A/NBP/2018,2018-05-02,3.5731,1.4
84/A/NBP/2018,2018-04-30,3.5236,-0.2
83/A/NBP/2018,2018-04-27,3.5306,-0.26
82/A/NBP/2018,2018-04-26,3.5397,0.58
81/A/NBP/2018,2018-04-25,3.5193,0.1
80/A/NBP/2018,2018-04-24,3.5158,0.6
79/A/NBP/2018,2018-04-23,3.495,0.35
78/A/NBP/2018,2018-04-20,3.4827,0.14
77/A/NBP/2018,2018-04-19,3.4777,-0.08
76/A/NBP/2018,2018-04-18,3.4805,-0.33
75/A/NBP/2018,2018-04-17,3.4921,-0.38
74/A/NBP/2018,2018-04-16,3.5054,-0.45
73/A/NBP/2018,2018-04-13,3.5214,-0.25
72/A/NBP/2018,2018-04-12,3.5303,-0.1
71/A/NBP/2018,2018-04-11,3.534,-0.88
70/A/NBP/2018,2018-04-10,3.5653,0.1
69/A/NBP/2018,2018-04-09,3.5618,-0.01
68/A/NBP/2018,2018-04-06,3.562,-0.17
67/A/NBP/2018,2018-04-05,3.5681,-0.11
66/A/NBP/2018,2018-04-04,3.5719,-0.32
65/A/NBP/2018,2018-04-03,3.5832,0.06
64/A/NBP/2018,2018-03-30,3.5812,0.24
63/A/NBP/2018,2018-03-29,3.5728,-0.01
62/A/NBP/2018,2018-03-28,3.5731,-0.31
61/A/NBP/2018,2018-03-27,3.5843,-0.68
60/A/NBP/2018,2018-03-26,3.6089,-0.34
59/A/NBP/2018,2018-03-23,3.6211,0.22
58/A/NBP/2018,2018-03-22,3.6133,-0.2
57/A/NBP/2018,2018-03-21,3.6205,0.47
56/A/NBP/2018,2018-03-20,3.6035,0.07
55/A/NBP/2018,2018-03-19,3.6009,-0.05
54/A/NBP/2018,2018-03-16,3.6028,-0.12
53/A/NBP/2018,2018-03-15,3.6073,0.18
52/A/NBP/2018,2018-03-14,3.6009,-0.02
51/A/NBP/2018,2018-03-13,3.6016,0.42
50/A/NBP/2018,2018-03-12,3.5865,-0.16
49/A/NBP/2018,2018-03-09,3.5923,0.04
48/A/NBP/2018,2018-03-08,3.5907,-0.24
47/A/NBP/2018,2018-03-07,3.5992,-0.34
46/A/NBP/2018,2018-03-06,3.6114,-0.57
45/A/NBP/2018,2018-03-05,3.6321,-0.41
44/A/NBP/2018,2018-03-02,3.647,0.38
43/A/NBP/2018,2018-03-01,3.6333,0.18
42/A/NBP/2018,2018-02-28,3.6268,0.48
41/A/NBP/2018,2018-02-27,3.6093,-0.34
40/A/NBP/2018,2018-02-26,3.6217,-0.23
39/A/NBP/2018,2018-02-23,3.6302,0.14
38/A/NBP/2018,2018-02-22,3.6252,0.76
37/A/NBP/2018,2018-02-21,3.5978,0.03
36/A/NBP/2018,2018-02-20,3.5967,-0.13
35/A/NBP/2018,2018-02-19,3.6013,-0.1
34/A/NBP/2018,2018-02-16,3.6049,0.3
33/A/NBP/2018,2018-02-15,3.594,-0.47
32/A/NBP/2018,2018-02-14,3.611,-0.48
31/A/NBP/2018,2018-02-13,3.6283,-0.27
30/A/NBP/2018,2018-02-12,3.638,-0.35
29/A/NBP/2018,2018-02-09,3.6506,1.25
28/A/NBP/2018,2018-02-08,3.6056,0.42
27/A/NBP/2018,2018-02-07,3.5904,0.15
26/A/NBP/2018,2018-02-06,3.5852,-0.08
25/A/NBP/2018,2018-02-05,3.5882,-0.01
24/A/NBP/2018,2018-02-02,3.5886,0.22
23/A/NBP/2018,2018-02-01,3.5806,0.14
22/A/NBP/2018,2018-01-31,3.5755,-0.13
21/A/NBP/2018,2018-01-30,3.5802,0.5
20/A/NBP/2018,2018-01-29,3.5625,-0.05
19/A/NBP/2018,2018-01-26,3.5644,0.49
18/A/NBP/2018,2018-01-25,3.547,0.03
17/A/NBP/2018,2018-01-24,3.546,0.18
16/A/NBP/2018,2018-01-23,3.5396,-0.21
15/A/NBP/2018,2018-01-22,3.5472,-0.29
14/A/NBP/2018,2018-01-19,3.5576,0.3
13/A/NBP/2018,2018-01-18,3.5471,0.21
12/A/NBP/2018,2018-01-17,3.5398,-0.08
11/A/NBP/2018,2018-01-16,3.5428,0.27
10/A/NBP/2018,2018-01-15,3.5334,-0.09
9/A/NBP/2018,2018-01-12,3.5365,-0.89
8/A/NBP/2018,2018-01-11,3.5683,0.17
7/A/NBP/2018,2018-01-10,3.5623,0
6/A/NBP/2018,2018-01-09,3.5622,0.34
5/A/NBP/2018,2018-01-08,3.5502,0.58
4/A/NBP/2018,2018-01-05,3.5298,-0.03
3/A/NBP/2018,2018-01-04,3.5308,-0.8
2/A/NBP/2018,2018-01-03,3.5592,0.07
1/A/NBP/2018,2018-01-02,3.5567,-0.29
251/A/NBP/2017,2017-12-29,3.5672,-0.12
250/A/NBP/2017,2017-12-28,3.5716,0.18
249/A/NBP/2017,2017-12-27,3.5651,-0.32
248/A/NBP/2017,2017-12-22,3.5764,-0.19
247/A/NBP/2017,2017-12-21,3.5832,-0.26
246/A/NBP/2017,2017-12-20,3.5925,-0.58
245/A/NBP/2017,2017-12-19,3.6134,-0.01
244/A/NBP/2017,2017-12-18,3.6137,-0.25
243/A/NBP/2017,2017-12-15,3.6227,0.23
242/A/NBP/2017,2017-12-14,3.6144,-0.12
241/A/NBP/2017,2017-12-13,3.6186,0.28
240/A/NBP/2017,2017-12-12,3.6085,0.33
239/A/NBP/2017,2017-12-11,3.5965,0.11
238/A/NBP/2017,2017-12-08,3.5924,-0.29
237/A/NBP/2017,2017-12-07,3.6028,-0.12
236/A/NBP/2017,2017-12-06,3.6071,0.3
235/A/NBP/2017,2017-12-05,3.5963,-0.39
234/A/NBP/2017,2017-12-04,3.6105,0.43
233/A/NBP/2017,2017-12-01,3.595,-0.16
232/A/NBP/2017,2017-11-30,3.6008,0.1
231/A/NBP/2017,2017-11-29,3.5971,-0.09
230/A/NBP/2017,2017-11-28,3.6005,0.09
229/A/NBP/2017,2017-11-27,3.5972,-0.52
228/A/NBP/2017,2017-11-24,3.616,-0.23
227/A/NBP/2017,2017-11-23,3.6245,-0.04
226/A/NBP/2017,2017-11-22,3.626,-0.15
225/A/NBP/2017,2017-11-21,3.6313,0.01
224/A/NBP/2017,2017-11-20,3.6308,0.12
223/A/NBP/2017,2017-11-17,3.6266,0
222/A/NBP/2017,2017-11-16,3.6266,-0.32
221/A/NBP/2017,2017-11-15,3.6382,0.19
220/A/NBP/2017,2017-11-14,3.6313,-0.43
219/A/NBP/2017,2017-11-13,3.6468,-0.19
218/A/NBP/2017,2017-11-10,3.6539,0.31
217/A/NBP/2017,2017-11-09,3.6427,-0.55
216/A/NBP/2017,2017-11-08,3.6627,0.03
215/A/NBP/2017,2017-11-07,3.6617,0.26
214/A/NBP/2017,2017-11-06,3.6522,0.28
213/A/NBP/2017,2017-11-03,3.642,0.14
212/A/NBP/2017,2017-11-02,3.6368,-0.64
211/A/NBP/2017,2017-10-31,3.6603,0.24
210/A/NBP/2017,2017-10-30,3.6515,-0.16
209/A/NBP/2017,2017-10-27,3.6575,0.71
208/A/NBP/2017,2017-10-26,3.6318,0.07
207/A/NBP/2017,2017-10-25,3.6293,-0.84
204/A/NBP/2017,2017-10-20,3.6601,-0.26
203/A/NBP/2017,2017-10-19,3.6695,-0.1
202/A/NBP/2017,2017-10-18,3.6733,-0.17
201/A/NBP/2017,2017-10-17,3.6796,-0.32
200/A/NBP/2017,2017-10-16,3.6914,-0.04
199/A/NBP/2017,2017-10-13,3.6927,-0.11
198/A/NBP/2017,2017-10-12,3.6969,-0.47
197/A/NBP/2017,2017-10-11,3.7144,-0.43
196/A/NBP/2017,2017-10-10,3.7306,-0.63
195/A/NBP/2017,2017-10-09,3.7541,-0.07
194/A/NBP/2017,2017-10-06,3.7567,0.35
193/A/NBP/2017,2017-10-05,3.7435,-0.39
192/A/NBP/2017,2017-10-04,3.7581,-0.1
191/A/NBP/2017,2017-10-03,3.7618,-0.55
190/A/NBP/2017,2017-10-02,3.7825,0.55
189/A/NBP/2017,2017-09-29,3.7619,-0.13
188/A/NBP/2017,2017-09-28,3.7668,0.21
187/A/NBP/2017,2017-09-27,3.7588,0.59
186/A/NBP/2017,2017-09-26,3.7368,1.3
185/A/NBP/2017,2017-09-25,3.6887,0.22
184/A/NBP/2017,2017-09-22,3.6807,-0.63
183/A/NBP/2017,2017-09-21,3.7042,-0.13
182/A/NBP/2017,2017-09-20,3.7092,-0.46
181/A/NBP/2017,2017-09-19,3.7264,-0.3
180/A/NBP/2017,2017-09-18,3.7376,0.12
179/A/NBP/2017,2017-09-15,3.7332,0.34
178/A/NBP/2017,2017-09-14,3.7206,0.23
177/A/NBP/2017,2017-09-13,3.7119,-0.09
176/A/NBP/2017,2017-09-12,3.7152,-0.13
175/A/NBP/2017,2017-09-11,3.7201,0.02
174/A/NBP/2017,2017-09-08,3.7194,-0.17
173/A/NBP/2017,2017-09-07,3.7256,-0.02
172/A/NBP/2017,2017-09-06,3.7263,0.36
171/A/NBP/2017,2017-09-05,3.7128,-0.59
170/A/NBP/2017,2017-09-04,3.735,0.58
169/A/NBP/2017,2017-09-01,3.7134,-0.13
168/A/NBP/2017,2017-08-31,3.7184,-0.38
167/A/NBP/2017,2017-08-30,3.7326,-0.22
166/A/NBP/2017,2017-08-29,3.741,-0.24
165/A/NBP/2017,2017-08-28,3.7501,0.08
164/A/NBP/2017,2017-08-25,3.7472,-0.44
163/A/NBP/2017,2017-08-24,3.7639,0.48
162/A/NBP/2017,2017-08-23,3.7459,-0.44
161/A/NBP/2017,2017-08-22,3.7623,-0.05
160/A/NBP/2017,2017-08-21,3.7641,-0.76
159/A/NBP/2017,2017-08-18,3.7931,0.96
158/A/NBP/2017,2017-08-17,3.7569,0.44
157/A/NBP/2017,2017-08-16,3.7403,-0.42
156/A/NBP/2017,2017-08-14,3.7559,-1.1
155/A/NBP/2017,2017-08-11,3.7975,0.68
154/A/NBP/2017,2017-08-10,3.772,0.07
153/A/NBP/2017,2017-08-09,3.7693,1.77
152/A/NBP/2017,2017-08-08,3.7036,0.05
151/A/NBP/2017,2017-08-07,3.7018,0.33
150/A/NBP/2017,2017-08-04,3.6898,-0.47
149/A/NBP/2017,2017-08-03,3.7072,-0.02
148/A/NBP/2017,2017-08-02,3.7081,-0.56
147/A/NBP/2017,2017-08-01,3.7288,-0.25
146/A/NBP/2017,2017-07-31,3.7381,-0.29
145/A/NBP/2017,2017-07-28,3.749,-1.64
144/A/NBP/2017,2017-07-27,3.8116,-0.75
143/A/NBP/2017,2017-07-26,3.8404,-0.37
142/A/NBP/2017,2017-07-25,3.8548,0.15
141/A/NBP/2017,2017-07-24,3.8489,0.77
140/A/NBP/2017,2017-07-21,3.8195,-0.21
139/A/NBP/2017,2017-07-20,3.8276,0.05
138/A/NBP/2017,2017-07-19,3.8256,0.44
137/A/NBP/2017,2017-07-18,3.8088,-0.16
136/A/NBP/2017,2017-07-17,3.8148,-0.04
135/A/NBP/2017,2017-07-14,3.8162,-0.92
134/A/NBP/2017,2017-07-13,3.8515,0.19
133/A/NBP/2017,2017-07-12,3.8442,-0.01
132/A/NBP/2017,2017-07-11,3.8446,-0.19
131/A/NBP/2017,2017-07-10,3.8521,-0.01
130/A/NBP/2017,2017-07-07,3.8525,-0.42
129/A/NBP/2017,2017-07-06,3.8688,-0.24
128/A/NBP/2017,2017-07-05,3.878,0.07
127/A/NBP/2017,2017-07-04,3.8752,0.04
126/A/NBP/2017,2017-07-03,3.8735,0.18
125/A/NBP/2017,2017-06-30,3.8667,-0.32
124/A/NBP/2017,2017-06-29,3.8791,0.02
123/A/NBP/2017,2017-06-28,3.8782,0.16
122/A/NBP/2017,2017-06-27,3.8719,-0.14
121/A/NBP/2017,2017-06-26,3.8773,-0.52
120/A/NBP/2017,2017-06-23,3.8977,-0.19
119/A/NBP/2017,2017-06-22,3.905,-0.14
118/A/NBP/2017,2017-06-21,3.9104,0.61
117/A/NBP/2017,2017-06-20,3.8865,0.4
116/A/NBP/2017,2017-06-19,3.8711,-0.15
115/A/NBP/2017,2017-06-16,3.8771,0.18
114/A/NBP/2017,2017-06-14,3.8702,0.09
113/A/NBP/2017,2017-06-13,3.8667,0.14
112/A/NBP/2017,2017-06-12,3.8612,0.12
111/A/NBP/2017,2017-06-09,3.8566,-0.33
110/A/NBP/2017,2017-06-08,3.8693,0.08
109/A/NBP/2017,2017-06-07,3.8662,0.11
108/A/NBP/2017,2017-06-06,3.862,0.39
107/A/NBP/2017,2017-06-05,3.8471,0.07
106/A/NBP/2017,2017-06-02,3.8443,0.17
105/A/NBP/2017,2017-06-01,3.8378,0.1
104/A/NBP/2017,2017-05-31,3.8338,0.03
103/A/NBP/2017,2017-05-30,3.8326,-0.12
102/A/NBP/2017,2017-05-29,3.8373,-0.02
101/A/NBP/2017,2017-05-26,3.8381,0.24
100/A/NBP/2017,2017-05-25,3.8289,-0.47
99/A/NBP/2017,2017-05-24,3.8471,0.06
98/A/NBP/2017,2017-05-23,3.8448,-0.14
97/A/NBP/2017,2017-05-22,3.8502,-0.24
96/A/NBP/2017,2017-05-19,3.8594,-0.22
95/A/NBP/2017,2017-05-18,3.8678,0.75
94/A/NBP/2017,2017-05-17,3.839,0.25
93/A/NBP/2017,2017-05-16,3.8296,-0.52
92/A/NBP/2017,2017-05-15,3.8498,-0.09
91/A/NBP/2017,2017-05-12,3.8534,0.23
90/A/NBP/2017,2017-05-11,3.8446,-0.2
89/A/NBP/2017,2017-05-10,3.8524,-0.49
88/A/NBP/2017,2017-05-09,3.8713,-0.05
87/A/NBP/2017,2017-05-08,3.8734,-0.5
86/A/NBP/2017,2017-05-05,3.8928,0.04
85/A/NBP/2017,2017-05-04,3.8914,0.08
84/A/NBP/2017,2017-05-02,3.8884,-0.17
83/A/NBP/2017,2017-04-28,3.8951,-0.27
82/A/NBP/2017,2017-04-27,3.9056,0.19
81/A/NBP/2017,2017-04-26,3.8982,-0.28
80/A/NBP/2017,2017-04-25,3.9092,-0.45
79/A/NBP/2017,2017-04-24,3.9267,-1.64
78/A/NBP/2017,2017-04-21,3.9921,0.33
77/A/NBP/2017,2017-04-20,3.9788,0.3
76/A/NBP/2017,2017-04-19,3.9669,-0.05
75/A/NBP/2017,2017-04-18,3.9688,-0.09
74/A/NBP/2017,2017-04-14,3.9724,-0.02
73/A/NBP/2017,2017-04-13,3.973,-0.11
72/A/NBP/2017,2017-04-12,3.9774,0.14
71/A/NBP/2017,2017-04-11,3.972,0.33
70/A/NBP/2017,2017-04-10,3.9591,0.18
69/A/NBP/2017,2017-04-07,3.9519,-0.14
68/A/NBP/2017,2017-04-06,3.9575,-0.27
67/A/NBP/2017,2017-04-05,3.9684,-0.3
66/A/NBP/2017,2017-04-04,3.9804,0.52
65/A/NBP/2017,2017-04-03,3.9597,0.34
64/A/NBP/2017,2017-03-31,3.9461,-0.19
63/A/NBP/2017,2017-03-30,3.9538,-0.01
62/A/NBP/2017,2017-03-29,3.9543,-0.47
61/A/NBP/2017,2017-03-28,3.973,-0.28
60/A/NBP/2017,2017-03-27,3.9843,0.01
59/A/NBP/2017,2017-03-24,3.9839,-0.21
58/A/NBP/2017,2017-03-23,3.9922,-0.2
57/A/NBP/2017,2017-03-22,4.0001,0.83
56/A/NBP/2017,2017-03-21,3.967,-0.52
55/A/NBP/2017,2017-03-20,3.9876,-0.61
54/A/NBP/2017,2017-03-17,4.0122,-0.49
53/A/NBP/2017,2017-03-16,4.032,0.02
52/A/NBP/2017,2017-03-15,4.031,-0.14
51/A/NBP/2017,2017-03-14,4.0366,-0.21
50/A/NBP/2017,2017-03-13,4.0449,0.42
49/A/NBP/2017,2017-03-10,4.0281,0.07
48/A/NBP/2017,2017-03-09,4.0252,-0.11
47/A/NBP/2017,2017-03-08,4.0296,0.21
46/A/NBP/2017,2017-03-07,4.021,-0.2
45/A/NBP/2017,2017-03-06,4.029,-0.3
44/A/NBP/2017,2017-03-03,4.0413,0.25
43/A/NBP/2017,2017-03-02,4.0314,-0.18
42/A/NBP/2017,2017-03-01,4.0387,-0.37
41/A/NBP/2017,2017-02-28,4.0535,0.15
40/A/NBP/2017,2017-02-27,4.0474,-0.01
39/A/NBP/2017,2017-02-24,4.0477,0.16
38/A/NBP/2017,2017-02-23,4.0411,0.09
37/A/NBP/2017,2017-02-22,4.0375,-0.46
36/A/NBP/2017,2017-02-21,4.0561,-0.01
35/A/NBP/2017,2017-02-20,4.0564,-0.36
34/A/NBP/2017,2017-02-17,4.0711,0.48
33/A/NBP/2017,2017-02-16,4.0516,0.24
32/A/NBP/2017,2017-02-15,4.042,0.2
31/A/NBP/2017,2017-02-14,4.034,-0.11
30/A/NBP/2017,2017-02-13,4.0385,0.16
29/A/NBP/2017,2017-02-10,4.0322,-0.52
28/A/NBP/2017,2017-02-09,4.0533,0.03
27/A/NBP/2017,2017-02-08,4.0521,0.62
26/A/NBP/2017,2017-02-07,4.0271,0.47
25/A/NBP/2017,2017-02-06,4.0084,-0.27
24/A/NBP/2017,2017-02-03,4.0192,-0.29
23/A/NBP/2017,2017-02-02,4.0307,-0.39
22/A/NBP/2017,2017-02-01,4.0465,-0.39
21/A/NBP/2017,2017-01-31,4.0625,0.24
20/A/NBP/2017,2017-01-30,4.0529,-0.2
19/A/NBP/2017,2017-01-27,4.0609,-0.09
18/A/NBP/2017,2017-01-26,4.0644,-0.02
17/A/NBP/2017,2017-01-25,4.0654,-0.22
16/A/NBP/2017,2017-01-24,4.0744,-0.09
15/A/NBP/2017,2017-01-23,4.0781,0.19
14/A/NBP/2017,2017-01-20,4.0705,-0.23
13/A/NBP/2017,2017-01-19,4.0797,0
12/A/NBP/2017,2017-01-18,4.0798,-0.11
11/A/NBP/2017,2017-01-17,4.0843,0.01
10/A/NBP/2017,2017-01-16,4.0837,0.21
9/A/NBP/2017,2017-01-13,4.0753,-0.09
8/A/NBP/2017,2017-01-12,4.0791,0.21
7/A/NBP/2017,2017-01-11,4.0706,-0.08
6/A/NBP/2017,2017-01-10,4.0737,-0.31
5/A/NBP/2017,2017-01-09,4.0863,-0.03
4/A/NBP/2017,2017-01-05,4.0876,-0.25
3/A/NBP/2017,2017-01-04,4.0978,-0.39
2/A/NBP/2017,2017-01-03,4.1137,-0.17
1/A/NBP/2017,2017-01-02,4.1209,0.09
252/A/NBP/2016,2016-12-30,4.1173,-0.04
251/A/NBP/2016,2016-12-29,4.119,0.26
250/A/NBP/2016,2016-12-28,4.1083,0.29
249/A/NBP/2016,2016-12-27,4.0964,-0.5
248/A/NBP/2016,2016-12-23,4.117,0.07
247/A/NBP/2016,2016-12-22,4.1141,-0.52
246/A/NBP/2016,2016-12-21,4.1357,0.16
245/A/NBP/2016,2016-12-20,4.1289,0.25
244/A/NBP/2016,2016-12-19,4.1185,0.08
243/A/NBP/2016,2016-12-16,4.1152,-0.44
242/A/NBP/2016,2016-12-15,4.1334,0.08
241/A/NBP/2016,2016-12-14,4.1302,-0.1
240/A/NBP/2016,2016-12-13,4.1344,-0.19
239/A/NBP/2016,2016-12-12,4.1422,0.73
238/A/NBP/2016,2016-12-09,4.112,0.5
237/A/NBP/2016,2016-12-08,4.0917,0.16
236/A/NBP/2016,2016-12-07,4.0852,-1.68
235/A/NBP/2016,2016-12-06,4.1551,-0.21
234/A/NBP/2016,2016-12-05,4.1639,-0.16
233/A/NBP/2016,2016-12-02,4.1705,0.71
232/A/NBP/2016,2016-12-01,4.1409,0.61
231/A/NBP/2016,2016-11-30,4.1159,-0.18
230/A/NBP/2016,2016-11-29,4.1235,0.34
229/A/NBP/2016,2016-11-28,4.1094,0.05
228/A/NBP/2016,2016-11-25,4.1073,-0.4
227/A/NBP/2016,2016-11-24,4.1236,0.3
226/A/NBP/2016,2016-11-23,4.1111,-0.1
225/A/NBP/2016,2016-11-22,4.1152,-0.47
224/A/NBP/2016,2016-11-21,4.1345,-0.56
223/A/NBP/2016,2016-11-18,4.1578,0.5
222/A/NBP/2016,2016-11-17,4.1372,0.25
221/A/NBP/2016,2016-11-16,4.1268,0.54
220/A/NBP/2016,2016-11-15,4.1046,0.12
219/A/NBP/2016,2016-11-14,4.0998,1.6
218/A/NBP/2016,2016-11-10,4.0351,0.47
217/A/NBP/2016,2016-11-09,4.0164,0.01
216/A/NBP/2016,2016-11-08,4.0159,0.32
215/A/NBP/2016,2016-11-07,4.0029,0.35
214/A/NBP/2016,2016-11-04,3.9888,-0.45
213/A/NBP/2016,2016-11-03,4.0067,0
212/A/NBP/2016,2016-11-02,4.0066,0.28
211/A/NBP/2016,2016-10-31,3.9953,0.07
210/A/NBP/2016,2016-10-28,3.9927,-0.28
209/A/NBP/2016,2016-10-27,4.0039,0.44
208/A/NBP/2016,2016-10-26,3.9862,0.16
207/A/NBP/2016,2016-10-25,3.98,-0.33
206/A/NBP/2016,2016-10-24,3.9933,-0.17
205/A/NBP/2016,2016-10-21,4.0002,0.55
204/A/NBP/2016,2016-10-20,3.9785,0.14
203/A/NBP/2016,2016-10-19,3.973,0.3
202/A/NBP/2016,2016-10-18,3.9613,-0.24
201/A/NBP/2016,2016-10-17,3.9709,0.64
200/A/NBP/2016,2016-10-14,3.9457,-0.3
199/A/NBP/2016,2016-10-13,3.9576,0.86
198/A/NBP/2016,2016-10-12,3.924,0.56
197/A/NBP/2016,2016-10-11,3.9023,-0.28
196/A/NBP/2016,2016-10-10,3.9131,-0.26
195/A/NBP/2016,2016-10-07,3.9234,-0.26
194/A/NBP/2016,2016-10-06,3.9337,0.32
193/A/NBP/2016,2016-10-05,3.9212,-0.23
192/A/NBP/2016,2016-10-04,3.9303,-0.15
191/A/NBP/2016,2016-10-03,3.9364,-1.1
190/A/NBP/2016,2016-09-30,3.9802,0.82
189/A/NBP/2016,2016-09-29,3.9479,0.21
188/A/NBP/2016,2016-09-28,3.9398,-0.05
187/A/NBP/2016,2016-09-27,3.9418,-0.45
186/A/NBP/2016,2016-09-26,3.9596,0.26
185/A/NBP/2016,2016-09-23,3.9495,0.42
184/A/NBP/2016,2016-09-22,3.933,-0.46
183/A/NBP/2016,2016-09-21,3.951,0.41
182/A/NBP/2016,2016-09-20,3.935,0
181/A/NBP/2016,2016-09-19,3.935,-0.5
180/A/NBP/2016,2016-09-16,3.9548,-0.07
179/A/NBP/2016,2016-09-15,3.9575,-0.01
178/A/NBP/2016,2016-09-14,3.9578,-0.67
177/A/NBP/2016,2016-09-13,3.9844,0.38
176/A/NBP/2016,2016-09-12,3.9695,0.64
175/A/NBP/2016,2016-09-09,3.9444,-0.15
174/A/NBP/2016,2016-09-08,3.9502,-0.57
173/A/NBP/2016,2016-09-07,3.9727,0.17
172/A/NBP/2016,2016-09-06,3.9658,-0.32
171/A/NBP/2016,2016-09-05,3.9786,-0.41
170/A/NBP/2016,2016-09-02,3.9949,0.72
169/A/NBP/2016,2016-09-01,3.9663,-0.21
168/A/NBP/2016,2016-08-31,3.9745,0.23
167/A/NBP/2016,2016-08-30,3.9654,-0.08
166/A/NBP/2016,2016-08-29,3.9686,-0.02
165/A/NBP/2016,2016-08-26,3.9695,0.3
164/A/NBP/2016,2016-08-25,3.9575,-0.14
163/A/NBP/2016,2016-08-24,3.963,0.03
162/A/NBP/2016,2016-08-23,3.9619,0.16
161/A/NBP/2016,2016-08-22,3.9555,-0.1
160/A/NBP/2016,2016-08-19,3.9596,0.3
159/A/NBP/2016,2016-08-18,3.9476,-0.12
158/A/NBP/2016,2016-08-17,3.9525,0.59
157/A/NBP/2016,2016-08-16,3.9295,0.23
156/A/NBP/2016,2016-08-12,3.9205,-0.09
155/A/NBP/2016,2016-08-11,3.9242,0.46
154/A/NBP/2016,2016-08-10,3.9064,-0.21
153/A/NBP/2016,2016-08-09,3.9148,-0.7
152/A/NBP/2016,2016-08-08,3.9423,-0.43
151/A/NBP/2016,2016-08-05,3.9592,-0.09
150/A/NBP/2016,2016-08-04,3.9628,-0.37
149/A/NBP/2016,2016-08-03,3.9776,-1.03
148/A/NBP/2016,2016-08-02,4.019,-0.31
147/A/NBP/2016,2016-08-01,4.0313,0.14
146/A/NBP/2016,2016-07-29,4.0256,0.54
145/A/NBP/2016,2016-07-28,4.0038,0.18
144/A/NBP/2016,2016-07-27,3.9968,-0.82
143/A/NBP/2016,2016-07-26,4.0299,0.06
142/A/NBP/2016,2016-07-25,4.0275,0.51
141/A/NBP/2016,2016-07-22,4.0072,-0.27
140/A/NBP/2016,2016-07-21,4.018,-0.26
139/A/NBP/2016,2016-07-20,4.0283,0.01
138/A/NBP/2016,2016-07-19,4.028,-0.54
137/A/NBP/2016,2016-07-18,4.0499,0.17
136/A/NBP/2016,2016-07-15,4.0432,-0.04
135/A/NBP/2016,2016-07-14,4.045,0.31
134/A/NBP/2016,2016-07-13,4.0324,-0.64
133/A/NBP/2016,2016-07-12,4.0582,-0.18
132/A/NBP/2016,2016-07-11,4.0657,-0.49
131/A/NBP/2016,2016-07-08,4.0857,-0.31
130/A/NBP/2016,2016-07-07,4.0984,-0.14
129/A/NBP/2016,2016-07-06,4.1042,-0.3
128/A/NBP/2016,2016-07-05,4.1165,0.69
127/A/NBP/2016,2016-07-04,4.0884,0.83
126/A/NBP/2016,2016-07-01,4.0547,-0.32
125/A/NBP/2016,2016-06-30,4.0677,-0.09
124/A/NBP/2016,2016-06-29,4.0712,-0.25
123/A/NBP/2016,2016-06-28,4.0814,-1.32
122/A/NBP/2016,2016-06-27,4.1358,0.8
121/A/NBP/2016,2016-06-24,4.1028,1.6
120/A/NBP/2016,2016-06-23,4.0383,-0.53
119/A/NBP/2016,2016-06-22,4.0597,0.54
118/A/NBP/2016,2016-06-21,4.038,0.06
117/A/NBP/2016,2016-06-20,4.0355,-1.43
116/A/NBP/2016,2016-06-17,4.0942,-0.28
115/A/NBP/2016,2016-06-16,4.1058,0.76
114/A/NBP/2016,2016-06-15,4.075,-0.42
113/A/NBP/2016,2016-06-14,4.092,1.39
112/A/NBP/2016,2016-06-13,4.036,1.05
111/A/NBP/2016,2016-06-10,3.9941,0.6
110/A/NBP/2016,2016-06-09,3.9703,0.38
109/A/NBP/2016,2016-06-08,3.9554,-0.21
108/A/NBP/2016,2016-06-07,3.9639,0.1
107/A/NBP/2016,2016-06-06,3.9598,-0.37
106/A/NBP/2016,2016-06-03,3.9746,0.04
105/A/NBP/2016,2016-06-02,3.9731,0.18
104/A/NBP/2016,2016-06-01,3.9658,-0.11
103/A/NBP/2016,2016-05-31,3.9701,-0.14
102/A/NBP/2016,2016-05-30,3.9757,-0.1
101/A/NBP/2016,2016-05-27,3.9795,-0.51
100/A/NBP/2016,2016-05-25,4,-0.26
99/A/NBP/2016,2016-05-24,4.0105,0.61
98/A/NBP/2016,2016-05-23,3.9862,0.35
97/A/NBP/2016,2016-05-20,3.9724,0.08
96/A/NBP/2016,2016-05-19,3.9693,0.08
95/A/NBP/2016,2016-05-18,3.966,0.76
94/A/NBP/2016,2016-05-17,3.9361,-0.55
93/A/NBP/2016,2016-05-16,3.9577,-0.92
92/A/NBP/2016,2016-05-13,3.9944,-0.16
91/A/NBP/2016,2016-05-12,4.0008,0.33
90/A/NBP/2016,2016-05-11,3.9877,-0.31
89/A/NBP/2016,2016-05-10,4.0001,0.1
88/A/NBP/2016,2016-05-09,3.9961,-0.21
87/A/NBP/2016,2016-05-06,4.0047,0.1
86/A/NBP/2016,2016-05-05,4.0005,-0.18
85/A/NBP/2016,2016-05-04,4.0078,0.59
84/A/NBP/2016,2016-05-02,3.9844,-0.92
83/A/NBP/2016,2016-04-29,4.0215,0.49
82/A/NBP/2016,2016-04-28,4.002,0.31
81/A/NBP/2016,2016-04-27,3.9896,-0.26
80/A/NBP/2016,2016-04-26,4,0.13
79/A/NBP/2016,2016-04-25,3.9947,1.64
78/A/NBP/2016,2016-04-22,3.9302,0.51
77/A/NBP/2016,2016-04-21,3.9102,-0.64
76/A/NBP/2016,2016-04-20,3.9352,-0.01
75/A/NBP/2016,2016-04-19,3.9354,-0.1
74/A/NBP/2016,2016-04-18,3.9395,-0.14
73/A/NBP/2016,2016-04-15,3.9451,-0.15
72/A/NBP/2016,2016-04-14,3.9511,0.43
71/A/NBP/2016,2016-04-13,3.9343,-0.2
70/A/NBP/2016,2016-04-12,3.942,0.19
69/A/NBP/2016,2016-04-11,3.9344,-0.2
68/A/NBP/2016,2016-04-08,3.9423,0.73
67/A/NBP/2016,2016-04-07,3.9139,0.25
66/A/NBP/2016,2016-04-06,3.9042,0.33
65/A/NBP/2016,2016-04-05,3.8915,0.37
64/A/NBP/2016,2016-04-04,3.8771,0.13
63/A/NBP/2016,2016-04-01,3.8722,-0.81
62/A/NBP/2016,2016-03-31,3.904,0.39
61/A/NBP/2016,2016-03-30,3.889,-0.35
60/A/NBP/2016,2016-03-29,3.9025,-0.16
59/A/NBP/2016,2016-03-25,3.9087,-0.29
58/A/NBP/2016,2016-03-24,3.9201,0.64
57/A/NBP/2016,2016-03-23,3.8951,-0.39
56/A/NBP/2016,2016-03-22,3.9104,0.28
55/A/NBP/2016,2016-03-21,3.8994,-0.13
54/A/NBP/2016,2016-03-18,3.9045,-0.25
53/A/NBP/2016,2016-03-17,3.9143,-0.13
52/A/NBP/2016,2016-03-16,3.9192,0.22
51/A/NBP/2016,2016-03-15,3.9107,0.32
50/A/NBP/2016,2016-03-14,3.8983,-1.08
49/A/NBP/2016,2016-03-11,3.9409,-0.1
48/A/NBP/2016,2016-03-10,3.9447,-0.05
47/A/NBP/2016,2016-03-09,3.9468,-0.49
46/A/NBP/2016,2016-03-08,3.9664,0.33
45/A/NBP/2016,2016-03-07,3.9532,-0.73
44/A/NBP/2016,2016-03-04,3.9822,-0.17
43/A/NBP/2016,2016-03-03,3.9891,-0.11
42/A/NBP/2016,2016-03-02,3.9933,0.06
41/A/NBP/2016,2016-03-01,3.9909,-0.03
40/A/NBP/2016,2016-02-29,3.9922,0.09
39/A/NBP/2016,2016-02-26,3.9888,-0.45
38/A/NBP/2016,2016-02-25,4.0069,-0.08
37/A/NBP/2016,2016-02-24,4.0103,0.67
36/A/NBP/2016,2016-02-23,3.9835,0.42
35/A/NBP/2016,2016-02-22,3.9668,-0.12
34/A/NBP/2016,2016-02-19,3.9714,-0.04
33/A/NBP/2016,2016-02-18,3.9729,-0.18
32/A/NBP/2016,2016-02-17,3.98,-0.35
31/A/NBP/2016,2016-02-16,3.9938,0.01
30/A/NBP/2016,2016-02-15,3.9935,-0.38
29/A/NBP/2016,2016-02-12,4.0089,-1.11
28/A/NBP/2016,2016-02-11,4.0541,0.24
27/A/NBP/2016,2016-02-10,4.0445,0
26/A/NBP/2016,2016-02-09,4.0447,1.45
25/A/NBP/2016,2016-02-08,3.9869,0.28
24/A/NBP/2016,2016-02-05,3.9756,0.82
23/A/NBP/2016,2016-02-04,3.9431,-0.53
22/A/NBP/2016,2016-02-03,3.9642,0.31
21/A/NBP/2016,2016-02-02,3.952,-0.53
20/A/NBP/2016,2016-02-01,3.973,-0.55
19/A/NBP/2016,2016-01-29,3.9949,-0.78
18/A/NBP/2016,2016-01-28,4.0265,-0.62
17/A/NBP/2016,2016-01-27,4.0516,-0.84
16/A/NBP/2016,2016-01-26,4.0861,0.21
15/A/NBP/2016,2016-01-25,4.0775,0.32
14/A/NBP/2016,2016-01-22,4.0644,-1.07
13/A/NBP/2016,2016-01-21,4.1084,0.64
12/A/NBP/2016,2016-01-20,4.0822,0.5
11/A/NBP/2016,2016-01-19,4.0617,-0.8
10/A/NBP/2016,2016-01-18,4.0945,1.64
9/A/NBP/2016,2016-01-15,4.0284,1.22
8/A/NBP/2016,2016-01-14,3.98,0.05
7/A/NBP/2016,2016-01-13,3.9782,-0.97
6/A/NBP/2016,2016-01-12,4.017,0.03
5/A/NBP/2016,2016-01-11,4.0159,0.59
4/A/NBP/2016,2016-01-08,3.9922,-0.14
3/A/NBP/2016,2016-01-07,3.9979,0.47
2/A/NBP/2016,2016-01-05,3.9792,0.67
1/A/NBP/2016,2016-01-04,3.9526,0.34
254/A/NBP/2015,2015-12-31,3.9394,0.58
253/A/NBP/2015,2015-12-30,3.9165,0.06
252/A/NBP/2015,2015-12-29,3.914,0.07
251/A/NBP/2015,2015-12-28,3.9114,-0.33
250/A/NBP/2015,2015-12-24,3.9242,-0.07
249/A/NBP/2015,2015-12-23,3.9271,0.28
248/A/NBP/2015,2015-12-22,3.9161,-0.48
247/A/NBP/2015,2015-12-21,3.9348,-0.97
246/A/NBP/2015,2015-12-18,3.9733,-0.21
245/A/NBP/2015,2015-12-17,3.9817,-0.53
244/A/NBP/2015,2015-12-16,4.0028,-0.48
243/A/NBP/2015,2015-12-15,4.0222,-0.16
242/A/NBP/2015,2015-12-14,4.0287,0.25
241/A/NBP/2015,2015-12-11,4.0186,0.26
240/A/NBP/2015,2015-12-10,4.0083,0.13
239/A/NBP/2015,2015-12-09,4.003,0.17
238/A/NBP/2015,2015-12-08,3.9963,0.46
237/A/NBP/2015,2015-12-07,3.9781,0.35
236/A/NBP/2015,2015-12-04,3.9643,0.46
235/A/NBP/2015,2015-12-03,3.9461,0.47
234/A/NBP/2015,2015-12-02,3.9278,0.38
233/A/NBP/2015,2015-12-01,3.9128,0.07
232/A/NBP/2015,2015-11-30,3.9099,-0.19
231/A/NBP/2015,2015-11-27,3.9172,-0.59
230/A/NBP/2015,2015-11-26,3.9404,-0.07
229/A/NBP/2015,2015-11-25,3.9431,0.34
228/A/NBP/2015,2015-11-24,3.9298,0.38
227/A/NBP/2015,2015-11-23,3.9151,0.02
226/A/NBP/2015,2015-11-20,3.9143,0.31
225/A/NBP/2015,2015-11-19,3.9023,-0.61
224/A/NBP/2015,2015-11-18,3.9264,-0.15
223/A/NBP/2015,2015-11-17,3.9324,-0.01
222/A/NBP/2015,2015-11-16,3.9328,0.2
221/A/NBP/2015,2015-11-13,3.9248,-0.04
220/A/NBP/2015,2015-11-12,3.9263,-0.44
219/A/NBP/2015,2015-11-10,3.9435,-0.07
218/A/NBP/2015,2015-11-09,3.9464,0.56
217/A/NBP/2015,2015-11-06,3.9246,0.47
216/A/NBP/2015,2015-11-05,3.9062,-0.44
215/A/NBP/2015,2015-11-04,3.9234,0.28
214/A/NBP/2015,2015-11-03,3.9126,0.17
213/A/NBP/2015,2015-11-02,3.906,-0.5
212/A/NBP/2015,2015-10-30,3.9255,-0.28
211/A/NBP/2015,2015-10-29,3.9364,-0.24
210/A/NBP/2015,2015-10-28,3.9459,0.4
209/A/NBP/2015,2015-10-27,3.9302,-0.36
208/A/NBP/2015,2015-10-26,3.9444,0.38
207/A/NBP/2015,2015-10-23,3.9296,-0.15
206/A/NBP/2015,2015-10-22,3.9357,-0.14
205/A/NBP/2015,2015-10-21,3.9411,0.23
204/A/NBP/2015,2015-10-20,3.9319,0.57
203/A/NBP/2015,2015-10-19,3.9097,0.19
202/A/NBP/2015,2015-10-16,3.9022,0.24
201/A/NBP/2015,2015-10-15,3.893,0.29
200/A/NBP/2015,2015-10-14,3.8819,0.27
199/A/NBP/2015,2015-10-13,3.8716,0.19
198/A/NBP/2015,2015-10-12,3.8644,0.03
197/A/NBP/2015,2015-10-09,3.8631,-0.36
196/A/NBP/2015,2015-10-08,3.8772,-0.25
195/A/NBP/2015,2015-10-07,3.8869,-0.01
194/A/NBP/2015,2015-10-06,3.8873,0.02
193/A/NBP/2015,2015-10-05,3.8864,-0.05
192/A/NBP/2015,2015-10-02,3.8885,-0.01
191/A/NBP/2015,2015-10-01,3.889,0.27
190/A/NBP/2015,2015-09-30,3.8785,-0.32
189/A/NBP/2015,2015-09-29,3.8909,0.65
188/A/NBP/2015,2015-09-28,3.8656,0.48
187/A/NBP/2015,2015-09-25,3.8473,-0.31
186/A/NBP/2015,2015-09-24,3.8593,-0.1
185/A/NBP/2015,2015-09-23,3.8632,0.29
184/A/NBP/2015,2015-09-22,3.8522,0.42
183/A/NBP/2015,2015-09-21,3.8359,0
182/A/NBP/2015,2015-09-18,3.8359,-0.02
181/A/NBP/2015,2015-09-17,3.8368,0.02
180/A/NBP/2015,2015-09-16,3.8361,-0.15
179/A/NBP/2015,2015-09-15,3.8417,0.38
178/A/NBP/2015,2015-09-14,3.8272,-0.04
177/A/NBP/2015,2015-09-11,3.8289,-0.73
176/A/NBP/2015,2015-09-10,3.857,-0.25
175/A/NBP/2015,2015-09-09,3.8666,-0.46
174/A/NBP/2015,2015-09-08,3.8843,-0.36
173/A/NBP/2015,2015-09-07,3.8983,0
172/A/NBP/2015,2015-09-04,3.8982,0.37
171/A/NBP/2015,2015-09-03,3.884,-0.58
170/A/NBP/2015,2015-09-02,3.9065,0.21
169/A/NBP/2015,2015-09-01,3.8985,-0.64
168/A/NBP/2015,2015-08-31,3.9238,0.64
167/A/NBP/2015,2015-08-28,3.8988,-0.69
166/A/NBP/2015,2015-08-27,3.926,0.2
165/A/NBP/2015,2015-08-26,3.918,0.53
164/A/NBP/2015,2015-08-25,3.8973,-0.4
163/A/NBP/2015,2015-08-24,3.9129,0.34
162/A/NBP/2015,2015-08-21,3.8998,-0.26
161/A/NBP/2015,2015-08-20,3.9098,0.97
160/A/NBP/2015,2015-08-19,3.8724,0.58
159/A/NBP/2015,2015-08-18,3.8499,-0.11
158/A/NBP/2015,2015-08-17,3.854,0.07
157/A/NBP/2015,2015-08-14,3.8514,0.09
156/A/NBP/2015,2015-08-13,3.848,-0.25
155/A/NBP/2015,2015-08-12,3.8575,-0.49
154/A/NBP/2015,2015-08-11,3.8765,-0.44
153/A/NBP/2015,2015-08-10,3.8937,-0.13
152/A/NBP/2015,2015-08-07,3.8989,-0.11
151/A/NBP/2015,2015-08-06,3.9033,-0.28
150/A/NBP/2015,2015-08-05,3.9144,0.22
149/A/NBP/2015,2015-08-04,3.9059,0.21
148/A/NBP/2015,2015-08-03,3.8977,-0.96
147/A/NBP/2015,2015-07-31,3.9355,1.1
146/A/NBP/2015,2015-07-30,3.8928,-0.05
145/A/NBP/2015,2015-07-29,3.8946,0.69
144/A/NBP/2015,2015-07-28,3.8679,-1.2
143/A/NBP/2015,2015-07-27,3.915,-0.02
142/A/NBP/2015,2015-07-24,3.9159,-0.5
141/A/NBP/2015,2015-07-23,3.9357,0.22
140/A/NBP/2015,2015-07-22,3.9269,-0.34
139/A/NBP/2015,2015-07-21,3.9402,0.13
138/A/NBP/2015,2015-07-20,3.935,0.05
137/A/NBP/2015,2015-07-17,3.9332,-0.35
136/A/NBP/2015,2015-07-16,3.9469,-0.32
135/A/NBP/2015,2015-07-15,3.9595,-0.79
134/A/NBP/2015,2015-07-14,3.9911,0.69
133/A/NBP/2015,2015-07-13,3.9636,-1.11
132/A/NBP/2015,2015-07-10,4.0081,-0.55
131/A/NBP/2015,2015-07-09,4.0304,-0.59
130/A/NBP/2015,2015-07-08,4.0545,0.25
129/A/NBP/2015,2015-07-07,4.0443,0.62
128/A/NBP/2015,2015-07-06,4.0193,0.39
127/A/NBP/2015,2015-07-03,4.0038,0.16
126/A/NBP/2015,2015-07-02,3.9974,-0.31
125/A/NBP/2015,2015-07-01,4.0097,-0.78
124/A/NBP/2015,2015-06-30,4.0412,0.51
123/A/NBP/2015,2015-06-29,4.0208,0.62
122/A/NBP/2015,2015-06-26,3.996,0.35
121/A/NBP/2015,2015-06-25,3.982,-0.18
120/A/NBP/2015,2015-06-24,3.9891,0.02
119/A/NBP/2015,2015-06-23,3.9884,-0.25
118/A/NBP/2015,2015-06-22,3.9985,0.07
117/A/NBP/2015,2015-06-19,3.9957,0.35
116/A/NBP/2015,2015-06-18,3.9817,0.01
115/A/NBP/2015,2015-06-17,3.9815,0.41
114/A/NBP/2015,2015-06-16,3.9654,-0.03
113/A/NBP/2015,2015-06-15,3.9665,0.22
112/A/NBP/2015,2015-06-12,3.9579,0.58
111/A/NBP/2015,2015-06-11,3.9352,-0.76
110/A/NBP/2015,2015-06-10,3.9655,-0.51
109/A/NBP/2015,2015-06-09,3.986,0.28
108/A/NBP/2015,2015-06-08,3.975,0.33
107/A/NBP/2015,2015-06-05,3.9619,-0.18
106/A/NBP/2015,2015-06-03,3.969,-0.82
105/A/NBP/2015,2015-06-02,4.0019,0.09
104/A/NBP/2015,2015-06-01,3.9984,0.19
103/A/NBP/2015,2015-05-29,3.991,-0.26
102/A/NBP/2015,2015-05-28,4.0014,0
101/A/NBP/2015,2015-05-27,4.0014,0.38
100/A/NBP/2015,2015-05-26,3.9864,0.27
99/A/NBP/2015,2015-05-25,3.9757,1.02
98/A/NBP/2015,2015-05-22,3.9355,0.24
97/A/NBP/2015,2015-05-21,3.926,0.73
96/A/NBP/2015,2015-05-20,3.8977,0.49
95/A/NBP/2015,2015-05-19,3.8787,0.38
94/A/NBP/2015,2015-05-18,3.8642,-0.8
93/A/NBP/2015,2015-05-15,3.8955,-0.87
92/A/NBP/2015,2015-05-14,3.9295,0.43
91/A/NBP/2015,2015-05-13,3.9126,-0.69
90/A/NBP/2015,2015-05-12,3.9399,0.47
89/A/NBP/2015,2015-05-11,3.9216,0.13
88/A/NBP/2015,2015-05-08,3.9166,-0.3
87/A/NBP/2015,2015-05-07,3.9285,0.57
86/A/NBP/2015,2015-05-06,3.9064,1.15
85/A/NBP/2015,2015-05-05,3.8619,-0.35
84/A/NBP/2015,2015-05-04,3.8756,0.83
83/A/NBP/2015,2015-04-30,3.8438,0.74
82/A/NBP/2015,2015-04-29,3.8156,-0.74
81/A/NBP/2015,2015-04-28,3.8441,-0.98
80/A/NBP/2015,2015-04-27,3.8822,0.23
79/A/NBP/2015,2015-04-24,3.8732,0.2
78/A/NBP/2015,2015-04-23,3.8653,-0.9
77/A/NBP/2015,2015-04-22,3.9005,0.46
76/A/NBP/2015,2015-04-21,3.8828,-0.67
75/A/NBP/2015,2015-04-20,3.909,0.05
74/A/NBP/2015,2015-04-17,3.9072,0.44
73/A/NBP/2015,2015-04-16,3.8901,0.26
72/A/NBP/2015,2015-04-15,3.8801,-0.11
71/A/NBP/2015,2015-04-14,3.8845,0.35
70/A/NBP/2015,2015-04-13,3.8708,-0.02
69/A/NBP/2015,2015-04-10,3.8715,0.47
68/A/NBP/2015,2015-04-09,3.8533,-0.15
67/A/NBP/2015,2015-04-08,3.8592,-0.72
66/A/NBP/2015,2015-04-07,3.8872,-0.43
65/A/NBP/2015,2015-04-03,3.904,0.03
64/A/NBP/2015,2015-04-02,3.9028,0.25
63/A/NBP/2015,2015-04-01,3.8929,-0.46
62/A/NBP/2015,2015-03-31,3.911,0.03
61/A/NBP/2015,2015-03-30,3.9097,-0.2
60/A/NBP/2015,2015-03-27,3.9177,0.49
59/A/NBP/2015,2015-03-26,3.8985,-0.03
58/A/NBP/2015,2015-03-25,3.8995,-0.04
57/A/NBP/2015,2015-03-24,3.9011,-0.11
56/A/NBP/2015,2015-03-23,3.9055,-0.12
55/A/NBP/2015,2015-03-20,3.9101,0.45
54/A/NBP/2015,2015-03-19,3.8926,-0.09
53/A/NBP/2015,2015-03-18,3.896,-0.03
52/A/NBP/2015,2015-03-17,3.8971,-0.37
51/A/NBP/2015,2015-03-16,3.9116,0.45
50/A/NBP/2015,2015-03-13,3.894,0.41
49/A/NBP/2015,2015-03-12,3.8781,-0.28
48/A/NBP/2015,2015-03-11,3.8888,0.94
47/A/NBP/2015,2015-03-10,3.8525,-0.02
46/A/NBP/2015,2015-03-09,3.8531,-0.01
45/A/NBP/2015,2015-03-06,3.8535,-0.52
44/A/NBP/2015,2015-03-05,3.8735,-0.5
43/A/NBP/2015,2015-03-04,3.893,0.52
42/A/NBP/2015,2015-03-03,3.8728,-0.04
41/A/NBP/2015,2015-03-02,3.8742,-0.45
40/A/NBP/2015,2015-02-27,3.8919,0.75
39/A/NBP/2015,2015-02-26,3.8628,-0.06
38/A/NBP/2015,2015-02-25,3.8653,-0.66
37/A/NBP/2015,2015-02-24,3.8909,0.17
36/A/NBP/2015,2015-02-23,3.8842,0.16
35/A/NBP/2015,2015-02-20,3.8781,-0.1
34/A/NBP/2015,2015-02-19,3.8818,-0.89
33/A/NBP/2015,2015-02-18,3.9167,-0.51
32/A/NBP/2015,2015-02-17,3.9369,0.01
31/A/NBP/2015,2015-02-16,3.9364,-0.05
30/A/NBP/2015,2015-02-13,3.9383,-0.81
29/A/NBP/2015,2015-02-12,3.9706,-0.9
28/A/NBP/2015,2015-02-11,4.0068,-0.31
27/A/NBP/2015,2015-02-10,4.0192,0.83
26/A/NBP/2015,2015-02-09,3.9861,0.81
25/A/NBP/2015,2015-02-06,3.954,0
24/A/NBP/2015,2015-02-05,3.9541,0.42
23/A/NBP/2015,2015-02-04,3.9375,-1.15
22/A/NBP/2015,2015-02-03,3.9834,0.71
21/A/NBP/2015,2015-02-02,3.9555,-1.55
20/A/NBP/2015,2015-01-30,4.0179,-2.02
19/A/NBP/2015,2015-01-29,4.1007,-0.79
18/A/NBP/2015,2015-01-28,4.1335,-0.05
17/A/NBP/2015,2015-01-27,4.1357,-2.57
16/A/NBP/2015,2015-01-26,4.2448,-1.79
15/A/NBP/2015,2015-01-23,4.3223,0.3
14/A/NBP/2015,2015-01-22,4.3092,-0.16
13/A/NBP/2015,2015-01-21,4.316,1.08
12/A/NBP/2015,2015-01-20,4.2697,-0.48
11/A/NBP/2015,2015-01-19,4.2901,0.82
10/A/NBP/2015,2015-01-16,4.255,2.26
9/A/NBP/2015,2015-01-15,4.1611,16.52
8/A/NBP/2015,2015-01-14,3.5712,0.2
7/A/NBP/2015,2015-01-13,3.5639,0.04
6/A/NBP/2015,2015-01-12,3.5623,-0.11
5/A/NBP/2015,2015-01-09,3.5663,-0.36
4/A/NBP/2015,2015-01-08,3.5792,-0.3
3/A/NBP/2015,2015-01-07,3.5898,0.3
2/A/NBP/2015,2015-01-05,3.5792,-0.11
1/A/NBP/2015,2015-01-02,3.5833,1.09
252/A/NBP/2014,2014-12-31,3.5447,-1.15
251/A/NBP/2014,2014-12-30,3.5859,0.18
250/A/NBP/2014,2014-12-29,3.5794,-0.05
249/A/NBP/2014,2014-12-24,3.5813,0.77
248/A/NBP/2014,2014-12-23,3.5538,0.31
247/A/NBP/2014,2014-12-22,3.5429,-0.15
246/A/NBP/2014,2014-12-19,3.5483,0.83
245/A/NBP/2014,2014-12-18,3.519,-0.05
244/A/NBP/2014,2014-12-17,3.5209,0.84
243/A/NBP/2014,2014-12-16,3.4917,0.43
242/A/NBP/2014,2014-12-15,3.4768,-0.11
241/A/NBP/2014,2014-12-12,3.4807,0.18
240/A/NBP/2014,2014-12-11,3.4745,0.4
239/A/NBP/2014,2014-12-10,3.4605,0.03
238/A/NBP/2014,2014-12-09,3.4594,-0.13
237/A/NBP/2014,2014-12-08,3.4639,0.14
236/A/NBP/2014,2014-12-05,3.4589,0.23
235/A/NBP/2014,2014-12-04,3.451,-0.13
234/A/NBP/2014,2014-12-03,3.4556,-0.03
233/A/NBP/2014,2014-12-02,3.4567,-0.5
232/A/NBP/2014,2014-12-01,3.4741,-0.14
231/A/NBP/2014,2014-11-28,3.4788,0.04
230/A/NBP/2014,2014-11-27,3.4774,0.04
229/A/NBP/2014,2014-11-26,3.4761,-0.28
228/A/NBP/2014,2014-11-25,3.4859,-0.15
227/A/NBP/2014,2014-11-24,3.4911,-0.29
226/A/NBP/2014,2014-11-21,3.5011,-0.24
225/A/NBP/2014,2014-11-20,3.5094,-0.04
224/A/NBP/2014,2014-11-19,3.5108,0
223/A/NBP/2014,2014-11-18,3.5109,-0.19
222/A/NBP/2014,2014-11-17,3.5176,-0.01
221/A/NBP/2014,2014-11-14,3.5179,0.22
220/A/NBP/2014,2014-11-13,3.5103,-0.1
219/A/NBP/2014,2014-11-12,3.5137,0.23
218/A/NBP/2014,2014-11-10,3.5057,-0.06
217/A/NBP/2014,2014-11-07,3.5078,-0.01
216/A/NBP/2014,2014-11-06,3.5083,-0.18
215/A/NBP/2014,2014-11-05,3.5146,0.26
214/A/NBP/2014,2014-11-04,3.5056,0.11
213/A/NBP/2014,2014-11-03,3.5017,0.45
212/A/NBP/2014,2014-10-31,3.486,-0.59
211/A/NBP/2014,2014-10-30,3.5068,0.08
210/A/NBP/2014,2014-10-29,3.5039,0.01
209/A/NBP/2014,2014-10-28,3.5035,0.03
208/A/NBP/2014,2014-10-27,3.5024,-0.01
207/A/NBP/2014,2014-10-24,3.5026,-0.06
206/A/NBP/2014,2014-10-23,3.5046,0.12
205/A/NBP/2014,2014-10-22,3.5003,-0.05
204/A/NBP/2014,2014-10-21,3.5022,0.03
203/A/NBP/2014,2014-10-20,3.5012,-0.04
202/A/NBP/2014,2014-10-17,3.5025,0.08
201/A/NBP/2014,2014-10-16,3.4996,0.4
200/A/NBP/2014,2014-10-15,3.4855,0.21
199/A/NBP/2014,2014-10-14,3.4781,0.34
198/A/NBP/2014,2014-10-13,3.4662,0.35
197/A/NBP/2014,2014-10-10,3.454,0.06
196/A/NBP/2014,2014-10-09,3.452,0
195/A/NBP/2014,2014-10-08,3.452,-0.04
194/A/NBP/2014,2014-10-07,3.4533,0.03
193/A/NBP/2014,2014-10-06,3.4522,-0.14
192/A/NBP/2014,2014-10-03,3.4572,-0.08
191/A/NBP/2014,2014-10-02,3.4599,-0.18
190/A/NBP/2014,2014-10-01,3.4662,0.18
189/A/NBP/2014,2014-09-30,3.46,-0.21
188/A/NBP/2014,2014-09-29,3.4673,0.19
187/A/NBP/2014,2014-09-26,3.4608,0.09
186/A/NBP/2014,2014-09-25,3.4577,-0.06
185/A/NBP/2014,2014-09-24,3.4599,-0.02
184/A/NBP/2014,2014-09-23,3.4606,-0.13
183/A/NBP/2014,2014-09-22,3.465,-0.09
182/A/NBP/2014,2014-09-19,3.4682,0.07
181/A/NBP/2014,2014-09-18,3.4659,0.18
180/A/NBP/2014,2014-09-17,3.4597,-0.33
179/A/NBP/2014,2014-09-16,3.471,-0.06
178/A/NBP/2014,2014-09-15,3.4732,0.12
177/A/NBP/2014,2014-09-12,3.469,0.07
176/A/NBP/2014,2014-09-11,3.4666,-0.46
175/A/NBP/2014,2014-09-10,3.4825,0.03
174/A/NBP/2014,2014-09-09,3.4813,0.39
173/A/NBP/2014,2014-09-08,3.4677,-0.2
172/A/NBP/2014,2014-09-05,3.4748,-0.13
171/A/NBP/2014,2014-09-04,3.4793,0.21
170/A/NBP/2014,2014-09-03,3.472,-0.46
169/A/NBP/2014,2014-09-02,3.4881,-0.06
168/A/NBP/2014,2014-09-01,3.4901,-0.08
167/A/NBP/2014,2014-08-29,3.493,0.23
166/A/NBP/2014,2014-08-28,3.4851,0.46
165/A/NBP/2014,2014-08-27,3.469,0.25
164/A/NBP/2014,2014-08-26,3.4604,0.05
163/A/NBP/2014,2014-08-25,3.4588,-0.04
162/A/NBP/2014,2014-08-22,3.4602,0.04
161/A/NBP/2014,2014-08-21,3.4587,0.08
160/A/NBP/2014,2014-08-20,3.456,-0.06
159/A/NBP/2014,2014-08-19,3.4581,-0.2
158/A/NBP/2014,2014-08-18,3.4649,0.5
157/A/NBP/2014,2014-08-14,3.4478,-0.31
156/A/NBP/2014,2014-08-13,3.4586,-0.09
155/A/NBP/2014,2014-08-12,3.4616,-0.01
154/A/NBP/2014,2014-08-11,3.4618,-0.42
153/A/NBP/2014,2014-08-08,3.4764,0.62
152/A/NBP/2014,2014-08-07,3.4551,0.14
151/A/NBP/2014,2014-08-06,3.4501,0.78
150/A/NBP/2014,2014-08-05,3.4233,-0.33
149/A/NBP/2014,2014-08-04,3.4345,-0.27
148/A/NBP/2014,2014-08-01,3.4438,0.62
147/A/NBP/2014,2014-07-31,3.4225,0.25
146/A/NBP/2014,2014-07-30,3.4138,-0.12
145/A/NBP/2014,2014-07-29,3.418,0.14
144/A/NBP/2014,2014-07-28,3.4132,0.05
143/A/NBP/2014,2014-07-25,3.4114,0.12
142/A/NBP/2014,2014-07-24,3.4074,0.12
141/A/NBP/2014,2014-07-23,3.4034,-0.25
140/A/NBP/2014,2014-07-22,3.4121,-0.15
139/A/NBP/2014,2014-07-21,3.4172,0.01
138/A/NBP/2014,2014-07-18,3.4169,0.29
137/A/NBP/2014,2014-07-17,3.4069,0.24
136/A/NBP/2014,2014-07-16,3.3986,-0.4
135/A/NBP/2014,2014-07-15,3.4124,0.06
134/A/NBP/2014,2014-07-14,3.4102,-0.01
133/A/NBP/2014,2014-07-11,3.4107,0.2
132/A/NBP/2014,2014-07-10,3.404,0.27
131/A/NBP/2014,2014-07-09,3.3949,-0.34
130/A/NBP/2014,2014-07-08,3.4064,-0.15
129/A/NBP/2014,2014-07-07,3.4115,0.11
128/A/NBP/2014,2014-07-04,3.4076,-0.37
127/A/NBP/2014,2014-07-03,3.4201,0.06
126/A/NBP/2014,2014-07-02,3.418,-0.11
125/A/NBP/2014,2014-07-01,3.4219,-0.08
124/A/NBP/2014,2014-06-30,3.4246,0.32
123/A/NBP/2014,2014-06-27,3.4137,0.42
122/A/NBP/2014,2014-06-26,3.3993,-0.21
121/A/NBP/2014,2014-06-25,3.4064,-0.39
120/A/NBP/2014,2014-06-24,3.4198,0.06
119/A/NBP/2014,2014-06-23,3.4179,0.21
118/A/NBP/2014,2014-06-20,3.4109,0.27
117/A/NBP/2014,2014-06-18,3.4018,0.12
116/A/NBP/2014,2014-06-17,3.3976,-0.21
115/A/NBP/2014,2014-06-16,3.4046,0.47
114/A/NBP/2014,2014-06-13,3.3888,0.45
113/A/NBP/2014,2014-06-12,3.3736,-0.12
112/A/NBP/2014,2014-06-11,3.3777,0.23
111/A/NBP/2014,2014-06-10,3.37,0.23
110/A/NBP/2014,2014-06-09,3.3624,-0.67
109/A/NBP/2014,2014-06-06,3.385,0.14
108/A/NBP/2014,2014-06-05,3.3802,-0.59
107/A/NBP/2014,2014-06-04,3.4002,0.43
106/A/NBP/2014,2014-06-03,3.3858,0.03
105/A/NBP/2014,2014-06-02,3.3849,-0.22
104/A/NBP/2014,2014-05-30,3.3924,0.07
103/A/NBP/2014,2014-05-29,3.3899,-0.55
102/A/NBP/2014,2014-05-28,3.4085,-0.02
101/A/NBP/2014,2014-05-27,3.4092,0.13
100/A/NBP/2014,2014-05-26,3.4047,0.13
99/A/NBP/2014,2014-05-23,3.4003,-0.52
98/A/NBP/2014,2014-05-22,3.4181,-0.31
97/A/NBP/2014,2014-05-21,3.4286,0.04
96/A/NBP/2014,2014-05-20,3.4273,0.03
95/A/NBP/2014,2014-05-19,3.4262,-0.21
94/A/NBP/2014,2014-05-16,3.4334,0.27
93/A/NBP/2014,2014-05-15,3.424,-0.14
92/A/NBP/2014,2014-05-14,3.4287,0.11
91/A/NBP/2014,2014-05-13,3.4248,0.01
90/A/NBP/2014,2014-05-12,3.4243,-0.14
89/A/NBP/2014,2014-05-09,3.4292,-0.16
88/A/NBP/2014,2014-05-08,3.4347,-0.43
87/A/NBP/2014,2014-05-07,3.4495,-0.13
86/A/NBP/2014,2014-05-06,3.454,-0.03
85/A/NBP/2014,2014-05-05,3.455,0.31
84/A/NBP/2014,2014-05-02,3.4442,0.03
83/A/NBP/2014,2014-04-30,3.4433,-0.12
82/A/NBP/2014,2014-04-29,3.4474,-0.3
81/A/NBP/2014,2014-04-28,3.4578,0.32
80/A/NBP/2014,2014-04-25,3.4466,0.4
79/A/NBP/2014,2014-04-24,3.4327,-0.03
78/A/NBP/2014,2014-04-23,3.4337,0.09
77/A/NBP/2014,2014-04-22,3.4307,0.04
76/A/NBP/2014,2014-04-18,3.4293,-0.52
75/A/NBP/2014,2014-04-17,3.4471,0.03
74/A/NBP/2014,2014-04-16,3.4461,0.15
73/A/NBP/2014,2014-04-15,3.4409,-0.08
72/A/NBP/2014,2014-04-14,3.4437,0.27
71/A/NBP/2014,2014-04-11,3.4343,0.24
70/A/NBP/2014,2014-04-10,3.4262,0.21
69/A/NBP/2014,2014-04-09,3.4189,0.04
68/A/NBP/2014,2014-04-08,3.4177,0
67/A/NBP/2014,2014-04-07,3.4178,0.37
66/A/NBP/2014,2014-04-04,3.4052,-0.36
65/A/NBP/2014,2014-04-03,3.4176,-0.24
64/A/NBP/2014,2014-04-02,3.4258,-0.08
63/A/NBP/2014,2014-04-01,3.4286,0.27
62/A/NBP/2014,2014-03-31,3.4192,-0.01
61/A/NBP/2014,2014-03-28,3.4194,-0.34
60/A/NBP/2014,2014-03-27,3.4309,0.29
59/A/NBP/2014,2014-03-26,3.4211,-0.45
58/A/NBP/2014,2014-03-25,3.4365,-0.24
57/A/NBP/2014,2014-03-24,3.4448,-0.06
56/A/NBP/2014,2014-03-21,3.4468,-0.12
55/A/NBP/2014,2014-03-20,3.451,-0.08
54/A/NBP/2014,2014-03-19,3.4538,-0.71
53/A/NBP/2014,2014-03-18,3.4786,-0.06
52/A/NBP/2014,2014-03-17,3.4806,-0.18
51/A/NBP/2014,2014-03-14,3.487,0.24
50/A/NBP/2014,2014-03-13,3.4787,0.04
49/A/NBP/2014,2014-03-12,3.4774,0.43
48/A/NBP/2014,2014-03-11,3.4626,0.47
47/A/NBP/2014,2014-03-10,3.4465,0.3
46/A/NBP/2014,2014-03-07,3.4361,0.27
45/A/NBP/2014,2014-03-06,3.4267,-0.22
44/A/NBP/2014,2014-03-05,3.4344,-0.38
43/A/NBP/2014,2014-03-04,3.4474,-0.38
42/A/NBP/2014,2014-03-03,3.4607,1.16
41/A/NBP/2014,2014-02-28,3.4211,-0.57
40/A/NBP/2014,2014-02-27,3.4407,0.92
39/A/NBP/2014,2014-02-26,3.4094,-0.03
38/A/NBP/2014,2014-02-25,3.4103,-0.05
37/A/NBP/2014,2014-02-24,3.4121,-0.08
36/A/NBP/2014,2014-02-21,3.4149,-0.29
35/A/NBP/2014,2014-02-20,3.4247,0.48
34/A/NBP/2014,2014-02-19,3.4083,0.19
33/A/NBP/2014,2014-02-18,3.4017,0.29
32/A/NBP/2014,2014-02-17,3.3917,-0.17
31/A/NBP/2014,2014-02-14,3.3974,-0.57
30/A/NBP/2014,2014-02-13,3.417,0.39
29/A/NBP/2014,2014-02-12,3.4036,-0.33
28/A/NBP/2014,2014-02-11,3.4149,-0.14
27/A/NBP/2014,2014-02-10,3.4196,-0.1
26/A/NBP/2014,2014-02-07,3.4229,0.01
25/A/NBP/2014,2014-02-06,3.4227,-0.08
24/A/NBP/2014,2014-02-05,3.4254,-0.68
23/A/NBP/2014,2014-02-04,3.4489,-0.55
22/A/NBP/2014,2014-02-03,3.4678,0.1
21/A/NBP/2014,2014-01-31,3.4644,-0.05
20/A/NBP/2014,2014-01-30,3.4663,0.92
19/A/NBP/2014,2014-01-29,3.4348,0.83
18/A/NBP/2014,2014-01-28,3.4065,-1.32
17/A/NBP/2014,2014-01-27,3.452,0.83
16/A/NBP/2014,2014-01-24,3.4237,1.16
15/A/NBP/2014,2014-01-23,3.3843,0.25
14/A/NBP/2014,2014-01-22,3.3758,0.15
13/A/NBP/2014,2014-01-21,3.3706,-0.04
12/A/NBP/2014,2014-01-20,3.3719,-0.08
11/A/NBP/2014,2014-01-17,3.3745,0.09
10/A/NBP/2014,2014-01-16,3.3713,0.29
9/A/NBP/2014,2014-01-15,3.3614,-0.35
8/A/NBP/2014,2014-01-14,3.3731,0.04
7/A/NBP/2014,2014-01-13,3.3718,-0.3
6/A/NBP/2014,2014-01-10,3.3818,0.09
5/A/NBP/2014,2014-01-09,3.3787,0.07
4/A/NBP/2014,2014-01-08,3.3765,-0.15
3/A/NBP/2014,2014-01-07,3.3817,-0.2
2/A/NBP/2014,2014-01-03,3.3884,0.2
1/A/NBP/2014,2014-01-02,3.3816,0
